transaction,account,amount
50000,1191,31911.43
50000,1124,-31911.43
50001,1050,14153.17
50001,1159,-14153.17
50002,1020,25383.81
50002,1155,-25383.81
50003,1025,16730.82
50003,1156,-16730.82
50004,1118,9781.38
50004,1043,-9781.38
50005,1194,23777.57
50005,1125,-23777.57
50006,1029,7853.78
50006,1189,-7853.78
50007,1052,23177.26
50007,1026,-23177.26
50008,1033,2895.51
50008,1019,-2895.51
50009,1261,33942.06
50009,1111,-33942.06
50010,1021,28912.14
50010,1177,-28912.14
50011,1053,7550.31
50011,1156,-7550.31
50012,1034,18824.51
50012,1165,-18824.51
50013,1266,19539.36
50013,1014,-19539.36
50014,1045,37601.86
50014,1020,-37601.86
50015,1102,13647.72
50015,1031,-13647.72
50016,1053,18642.02
50016,1019,-18642.02
50017,1007,15185.68
50017,1178,-15185.68
50018,1102,38911.74
50018,1028,-38911.74
50019,1254,39971.36
50019,1019,-39971.36
50020,1046,46189.47
50020,1188,-46189.47
50021,1049,16434.16
50021,1161,-16434.16
50022,1140,46907.39
50022,1008,-46907.39
50023,1024,1923.97
50023,1188,-1923.97
50024,1002,15617.97
50024,1160,-15617.97
50025,1006,44470.38
50025,1188,-44470.38
50026,1098,37303.18
50026,1036,-37303.18
50027,1110,31978.66
50027,1020,-31978.66
50028,1034,14399.71
50028,1175,-14399.71
50029,1114,33589.09
50029,1009,-33589.09
50030,1039,5811.57
50030,1187,-5811.57
50031,1035,27172.18
50031,1175,-27172.18
50032,1051,47169.56
50032,1173,-47169.56
50033,1229,8646.62
50033,1121,-8646.62
50034,1003,27074.8
50034,1008,-27074.8
50035,1003,45174.29
50035,1161,-45174.29
50036,1240,4397.37
50036,1022,-4397.37
50037,1137,44574.67
50037,1053,-44574.67
50038,1235,22347.23
50038,1039,-22347.23
50039,1048,9987.54
50039,1189,-9987.54
50040,1048,46146.92
50040,1184,-46146.92
50041,1279,4736.52
50041,1102,-4736.52
50042,1041,15588.55
50042,1184,-15588.55
50043,1208,47377.67
50043,1121,-47377.67
50044,1011,18236.12
50044,1176,-18236.12
50045,1126,44131.95
50045,1031,-44131.95
50046,1022,23819.18
50046,1185,-23819.18
50047,1234,8623.0
50047,1120,-8623.0
50048,1241,25446.69
50048,1134,-25446.69
50049,1138,16360.9
50049,1004,-16360.9
50050,1122,26684.0
50050,1037,-26684.0
50051,1260,31081.65
50051,1020,-31081.65
50052,1021,19252.44
50052,1013,-19252.44
50053,1124,29589.41
50053,1036,-29589.41
50054,1112,27271.89
50054,1011,-27271.89
50055,1263,3986.93
50055,1105,-3986.93
50056,1020,29844.17
50056,1161,-29844.17
50057,1122,8891.08
50057,1004,-8891.08
50058,1266,34306.88
50058,1048,-34306.88
50059,1003,32284.96
50059,1160,-32284.96
50060,1037,7031.95
50060,1155,-7031.95
50061,1125,33077.98
50061,1034,-33077.98
50062,1028,30817.05
50062,1167,-30817.05
50063,1019,43883.53
50063,1174,-43883.53
50064,1045,46840.16
50064,1022,-46840.16
50065,1039,29178.08
50065,1032,-29178.08
50066,1227,6465.03
50066,1007,-6465.03
50067,1196,27489.37
50067,1000,-27489.37
50068,1119,41055.59
50068,1007,-41055.59
50069,1015,43297.41
50069,1027,-43297.41
50070,1117,19773.99
50070,1045,-19773.99
50071,1259,19140.1
50071,1027,-19140.1
50072,1214,23796.08
50072,1114,-23796.08
50073,1243,46231.65
50073,1019,-46231.65
50074,1008,43649.51
50074,1163,-43649.51
50075,1009,32454.62
50075,1186,-32454.62
50076,1207,48751.25
50076,1010,-48751.25
50077,1029,40316.49
50077,1182,-40316.49
50078,1244,22774.28
50078,1113,-22774.28
50079,1111,19297.26
50079,1011,-19297.26
50080,1253,470.76
50080,1136,-470.76
50081,1026,25136.27
50081,1189,-25136.27
50082,1194,1769.75
50082,1115,-1769.75
50083,1264,18492.07
50083,1104,-18492.07
50084,1046,4095.15
50084,1046,-4095.15
50085,1225,42981.6
50085,1102,-42981.6
50086,1268,26215.5
50086,1011,-26215.5
50087,1042,31570.08
50087,1159,-31570.08
50088,1264,27005.94
50088,1039,-27005.94
50089,1258,45188.91
50089,1001,-45188.91
50090,1250,25681.89
50090,1116,-25681.89
50091,1115,21108.7
50091,1018,-21108.7
50092,1038,34783.05
50092,1174,-34783.05
50093,1100,28228.94
50093,1040,-28228.94
50094,1196,8537.05
50094,1127,-8537.05
50095,1039,40463.9
50095,1001,-40463.9
50096,1032,4217.26
50096,1159,-4217.26
50097,1008,13964.65
50097,1039,-13964.65
50098,1000,42907.13
50098,1162,-42907.13
50099,1209,45515.56
50099,1127,-45515.56
50100,1223,40411.25
50100,1132,-40411.25
50101,1033,9122.38
50101,1157,-9122.38
50102,1009,4311.63
50102,1164,-4311.63
50103,1123,37662.79
50103,1049,-37662.79
50104,1271,33067.3
50104,1021,-33067.3
50105,1022,36744.62
50105,1158,-36744.62
50106,1204,37798.65
50106,1006,-37798.65
50107,1019,19997.37
50107,1185,-19997.37
50108,1131,37646.15
50108,1014,-37646.15
50109,1250,35309.83
50109,1033,-35309.83
50110,1000,43526.86
50110,1173,-43526.86
50111,1043,22496.15
50111,1020,-22496.15
50112,1002,34175.53
50112,1006,-34175.53
50113,1027,31907.47
50113,1039,-31907.47
50114,1021,42931.95
50114,1017,-42931.95
50115,1041,5004.01
50115,1180,-5004.01
50116,1220,33797.03
50116,1136,-33797.03
50117,1256,38547.81
50117,1043,-38547.81
50118,1230,49661.42
50118,1113,-49661.42
50119,1004,522.96
50119,1155,-522.96
50120,1277,26310.69
50120,1100,-26310.69
50121,1222,36290.01
50121,1024,-36290.01
50122,1003,31007.92
50122,1168,-31007.92
50123,1045,31940.34
50123,1007,-31940.34
50124,1024,30273.82
50124,1166,-30273.82
50125,1016,34813.12
50125,1018,-34813.12
50126,1271,46815.48
50126,1101,-46815.48
50127,1027,13891.54
50127,1044,-13891.54
50128,1020,38517.04
50128,1016,-38517.04
50129,1049,3792.45
50129,1158,-3792.45
50130,1197,16699.47
50130,1033,-16699.47
50131,1028,13306.78
50131,1004,-13306.78
50132,1268,46436.46
50132,1050,-46436.46
50133,1009,24653.66
50133,1189,-24653.66
50134,1138,10997.49
50134,1006,-10997.49
50135,1006,35798.48
50135,1002,-35798.48
50136,1016,28610.09
50136,1183,-28610.09
50137,1041,24935.3
50137,1155,-24935.3
50138,1017,33263.83
50138,1009,-33263.83
50139,1133,45240.42
50139,1000,-45240.42
50140,1252,47001.56
50140,1104,-47001.56
50141,1198,42218.05
50141,1112,-42218.05
50142,1044,19282.75
50142,1185,-19282.75
50143,1022,26811.67
50143,1176,-26811.67
50144,1270,20090.68
50144,1125,-20090.68
50145,1021,26777.85
50145,1160,-26777.85
50146,1115,38046.61
50146,1041,-38046.61
50147,1024,27768.33
50147,1167,-27768.33
50148,1006,19566.23
50148,1177,-19566.23
50149,1246,44272.19
50149,1137,-44272.19
50150,1001,1881.34
50150,1170,-1881.34
50151,1259,3243.33
50151,1125,-3243.33
50152,1053,26743.61
50152,1183,-26743.61
50153,1021,919.27
50153,1003,-919.27
50154,1025,36078.5
50154,1162,-36078.5
50155,1033,32727.11
50155,1184,-32727.11
50156,1034,43522.98
50156,1009,-43522.98
50157,1101,11725.98
50157,1002,-11725.98
50158,1098,24495.85
50158,1030,-24495.85
50159,1015,30956.77
50159,1044,-30956.77
50160,1270,816.82
50160,1006,-816.82
50161,1006,41054.89
50161,1029,-41054.89
50162,1198,41784.07
50162,1013,-41784.07
50163,1039,29789.37
50163,1169,-29789.37
50164,1021,10211.79
50164,1180,-10211.79
50165,1036,48795.08
50165,1189,-48795.08
50166,1050,41837.71
50166,1168,-41837.71
50167,1118,29694.95
50167,1004,-29694.95
50168,1026,7147.72
50168,1165,-7147.72
50169,1246,27715.05
50169,1031,-27715.05
50170,1006,2130.87
50170,1050,-2130.87
50171,1107,30660.83
50171,1001,-30660.83
50172,1000,4128.06
50172,1011,-4128.06
50173,1037,35366.39
50173,1018,-35366.39
50174,1250,40389.85
50174,1131,-40389.85
50175,1017,7240.08
50175,1188,-7240.08
50176,1212,12038.76
50176,1121,-12038.76
50177,1253,29853.97
50177,1121,-29853.97
50178,1050,31396.86
50178,1019,-31396.86
50179,1015,328.05
50179,1167,-328.05
50180,1006,26556.93
50180,1178,-26556.93
50181,1032,49340.43
50181,1014,-49340.43
50182,1216,31360.57
50182,1035,-31360.57
50183,1009,5722.69
50183,1185,-5722.69
50184,1195,8072.0
50184,1006,-8072.0
50185,1245,14324.72
50185,1032,-14324.72
50186,1048,40277.17
50186,1184,-40277.17
50187,1034,37046.8
50187,1166,-37046.8
50188,1032,1550.35
50188,1162,-1550.35
50189,1028,11841.46
50189,1175,-11841.46
50190,1231,37379.63
50190,1029,-37379.63
50191,1103,16374.0
50191,1015,-16374.0
50192,1121,43507.33
50192,1014,-43507.33
50193,1003,29296.1
50193,1182,-29296.1
50194,1029,46401.57
50194,1166,-46401.57
50195,1214,6906.59
50195,1123,-6906.59
50196,1232,13557.76
50196,1016,-13557.76
50197,1017,28476.43
50197,1163,-28476.43
50198,1026,23330.16
50198,1165,-23330.16
50199,1115,11070.69
50199,1038,-11070.69
50200,1039,39748.81
50200,1165,-39748.81
50201,1219,27682.51
50201,1011,-27682.51
50202,1217,26136.26
50202,1118,-26136.26
50203,1191,23191.87
50203,1136,-23191.87
50204,1221,43642.66
50204,1041,-43642.66
50205,1265,11198.09
50205,1019,-11198.09
50206,1026,44922.76
50206,1002,-44922.76
50207,1049,23585.57
50207,1187,-23585.57
50208,1030,26602.97
50208,1161,-26602.97
50209,1261,12101.52
50209,1139,-12101.52
50210,1013,36616.14
50210,1163,-36616.14
50211,1201,12029.21
50211,1002,-12029.21
50212,1280,15311.35
50212,1101,-15311.35
50213,1001,37389.61
50213,1029,-37389.61
50214,1280,7017.33
50214,1051,-7017.33
50215,1040,43590.43
50215,1184,-43590.43
50216,1137,168.05
50216,1004,-168.05
50217,1257,34568.46
50217,1004,-34568.46
50218,1044,37669.11
50218,1189,-37669.11
50219,1277,10436.61
50219,1010,-10436.61
50220,1197,16851.16
50220,1108,-16851.16
50221,1003,33765.18
50221,1007,-33765.18
50222,1195,23321.11
50222,1046,-23321.11
50223,1280,32443.82
50223,1008,-32443.82
50224,1207,38701.42
50224,1042,-38701.42
50225,1030,5766.53
50225,1168,-5766.53
50226,1117,38068.21
50226,1022,-38068.21
50227,1027,25227.94
50227,1017,-25227.94
50228,1028,18703.41
50228,1186,-18703.41
50229,1250,41495.04
50229,1133,-41495.04
50230,1227,41286.41
50230,1100,-41286.41
50231,1278,40015.2
50231,1008,-40015.2
50232,1005,44210.55
50232,1160,-44210.55
50233,1199,9022.71
50233,1013,-9022.71
50234,1009,5690.03
50234,1186,-5690.03
50235,1040,10292.38
50235,1156,-10292.38
50236,1034,48481.77
50236,1163,-48481.77
50237,1272,21064.49
50237,1002,-21064.49
50238,1051,3241.18
50238,1169,-3241.18
50239,1118,26029.06
50239,1026,-26029.06
50240,1231,32822.45
50240,1105,-32822.45
50241,1260,34873.49
50241,1099,-34873.49
50242,1229,28405.86
50242,1021,-28405.86
50243,1120,11416.42
50243,1018,-11416.42
50244,1119,2461.21
50244,1018,-2461.21
50245,1210,8401.52
50245,1134,-8401.52
50246,1212,9195.8
50246,1133,-9195.8
50247,1209,33351.16
50247,1020,-33351.16
50248,1020,2153.46
50248,1163,-2153.46
50249,1216,18546.64
50249,1114,-18546.64
50250,1119,33311.11
50250,1009,-33311.11
50251,1210,27039.34
50251,1111,-27039.34
50252,1025,46029.66
50252,1186,-46029.66
50253,1117,47394.67
50253,1009,-47394.67
50254,1032,36950.9
50254,1176,-36950.9
50255,1227,14848.29
50255,1139,-14848.29
50256,1009,28729.01
50256,1051,-28729.01
50257,1246,45353.35
50257,1043,-45353.35
50258,1195,36608.86
50258,1017,-36608.86
50259,1193,5932.12
50259,1051,-5932.12
50260,1235,11096.2
50260,1011,-11096.2
50261,1012,30446.75
50261,1188,-30446.75
50262,1017,46789.69
50262,1167,-46789.69
50263,1028,26966.77
50263,1160,-26966.77
50264,1031,19781.74
50264,1020,-19781.74
50265,1197,25626.64
50265,1128,-25626.64
50266,1244,7482.5
50266,1047,-7482.5
50267,1234,708.32
50267,1044,-708.32
50268,1035,22334.24
50268,1160,-22334.24
50269,1047,44401.46
50269,1181,-44401.46
50270,1124,14502.84
50270,1046,-14502.84
50271,1037,7064.43
50271,1038,-7064.43
50272,1030,10468.41
50272,1188,-10468.41
50273,1037,3399.18
50273,1048,-3399.18
50274,1271,430.28
50274,1034,-430.28
50275,1280,27835.11
50275,1115,-27835.11
50276,1108,6932.66
50276,1053,-6932.66
50277,1195,27737.96
50277,1038,-27737.96
50278,1132,15265.33
50278,1047,-15265.33
50279,1190,1439.32
50279,1019,-1439.32
50280,1053,47805.73
50280,1185,-47805.73
50281,1018,33329.08
50281,1181,-33329.08
50282,1041,45348.98
50282,1170,-45348.98
50283,1031,38259.45
50283,1159,-38259.45
50284,1251,18151.8
50284,1115,-18151.8
50285,1277,12969.79
50285,1103,-12969.79
50286,1023,40932.21
50286,1032,-40932.21
50287,1113,975.5
50287,1010,-975.5
50288,1249,7392.24
50288,1131,-7392.24
50289,1017,8249.11
50289,1178,-8249.11
50290,1235,45614.02
50290,1006,-45614.02
50291,1004,26527.66
50291,1187,-26527.66
50292,1048,31438.69
50292,1161,-31438.69
50293,1231,8440.08
50293,1040,-8440.08
50294,1116,34279.86
50294,1017,-34279.86
50295,1202,34448.5
50295,1111,-34448.5
50296,1191,41183.41
50296,1017,-41183.41
50297,1252,18713.41
50297,1052,-18713.41
50298,1006,45548.32
50298,1168,-45548.32
50299,1012,11133.56
50299,1188,-11133.56
50300,1104,35656.1
50300,1026,-35656.1
50301,1206,3912.38
50301,1002,-3912.38
50302,1236,15647.52
50302,1017,-15647.52
50303,1135,44497.35
50303,1033,-44497.35
50304,1116,17168.05
50304,1001,-17168.05
50305,1105,6017.98
50305,1044,-6017.98
50306,1008,11406.06
50306,1168,-11406.06
50307,1044,4022.39
50307,1162,-4022.39
50308,1048,38757.15
50308,1182,-38757.15
50309,1050,5480.09
50309,1187,-5480.09
50310,1222,23507.21
50310,1005,-23507.21
50311,1048,33412.56
50311,1161,-33412.56
50312,1110,46012.89
50312,1037,-46012.89
50313,1022,9320.61
50313,1001,-9320.61
50314,1017,42308.49
50314,1177,-42308.49
50315,1268,42771.39
50315,1030,-42771.39
50316,1264,3510.02
50316,1140,-3510.02
50317,1012,10928.2
50317,1173,-10928.2
50318,1000,37725.49
50318,1161,-37725.49
50319,1045,46031.81
50319,1030,-46031.81
50320,1246,29510.09
50320,1129,-29510.09
50321,1022,9124.34
50321,1024,-9124.34
50322,1242,25761.13
50322,1014,-25761.13
50323,1126,15782.59
50323,1007,-15782.59
50324,1236,24841.22
50324,1133,-24841.22
50325,1005,36134.61
50325,1175,-36134.61
50326,1248,19300.58
50326,1119,-19300.58
50327,1125,34383.62
50327,1014,-34383.62
50328,1244,14600.41
50328,1024,-14600.41
50329,1051,44748.26
50329,1030,-44748.26
50330,1000,18435.33
50330,1043,-18435.33
50331,1246,5348.08
50331,1109,-5348.08
50332,1208,4341.79
50332,1050,-4341.79
50333,1203,29568.81
50333,1137,-29568.81
50334,1004,48894.88
50334,1023,-48894.88
50335,1038,16997.72
50335,1025,-16997.72
50336,1046,41921.65
50336,1186,-41921.65
50337,1037,35703.34
50337,1172,-35703.34
50338,1122,40069.11
50338,1022,-40069.11
50339,1241,30197.96
50339,1105,-30197.96
50340,1248,7453.97
50340,1013,-7453.97
50341,1014,24518.13
50341,1163,-24518.13
50342,1053,36916.14
50342,1159,-36916.14
50343,1212,1434.77
50343,1048,-1434.77
50344,1228,16415.1
50344,1122,-16415.1
50345,1274,38032.56
50345,1139,-38032.56
50346,1249,24660.16
50346,1025,-24660.16
50347,1032,24945.16
50347,1171,-24945.16
50348,1259,40493.13
50348,1112,-40493.13
50349,1027,38221.85
50349,1162,-38221.85
50350,1238,15796.5
50350,1099,-15796.5
50351,1261,1739.7
50351,1127,-1739.7
50352,1045,15221.92
50352,1010,-15221.92
50353,1239,6810.96
50353,1105,-6810.96
50354,1128,28485.88
50354,1042,-28485.88
50355,1250,27015.68
50355,1103,-27015.68
50356,1197,7899.92
50356,1050,-7899.92
50357,1024,29593.15
50357,1177,-29593.15
50358,1100,14293.43
50358,1001,-14293.43
50359,1236,6497.08
50359,1044,-6497.08
50360,1137,29239.95
50360,1021,-29239.95
50361,1235,21464.59
50361,1052,-21464.59
50362,1221,33095.88
50362,1030,-33095.88
50363,1278,29667.33
50363,1008,-29667.33
50364,1010,5812.12
50364,1001,-5812.12
50365,1274,1965.14
50365,1097,-1965.14
50366,1224,45080.35
50366,1002,-45080.35
50367,1230,29440.66
50367,1048,-29440.66
50368,1202,16188.83
50368,1105,-16188.83
50369,1021,33788.05
50369,1186,-33788.05
50370,1233,38268.7
50370,1021,-38268.7
50371,1245,18230.38
50371,1025,-18230.38
50372,1199,42381.97
50372,1111,-42381.97
50373,1019,13331.24
50373,1180,-13331.24
50374,1102,31266.16
50374,1045,-31266.16
50375,1118,4827.21
50375,1017,-4827.21
50376,1030,40079.17
50376,1182,-40079.17
50377,1041,39803.02
50377,1174,-39803.02
50378,1274,15065.46
50378,1112,-15065.46
50379,1016,20774.28
50379,1187,-20774.28
50380,1213,38195.77
50380,1002,-38195.77
50381,1213,25859.58
50381,1116,-25859.58
50382,1249,33074.23
50382,1034,-33074.23
50383,1039,26682.69
50383,1049,-26682.69
50384,1046,46738.33
50384,1040,-46738.33
50385,1029,10112.34
50385,1164,-10112.34
50386,1048,37347.03
50386,1174,-37347.03
50387,1101,20571.99
50387,1040,-20571.99
50388,1052,20680.68
50388,1173,-20680.68
50389,1266,12896.69
50389,1030,-12896.69
50390,1214,5766.57
50390,1003,-5766.57
50391,1029,41378.72
50391,1186,-41378.72
50392,1272,21863.03
50392,1004,-21863.03
50393,1001,13708.33
50393,1171,-13708.33
50394,1132,13960.82
50394,1011,-13960.82
50395,1252,2207.4
50395,1002,-2207.4
50396,1020,44835.62
50396,1174,-44835.62
50397,1026,45038.69
50397,1023,-45038.69
50398,1240,44297.4
50398,1135,-44297.4
50399,1133,11878.45
50399,1047,-11878.45
50400,1275,6120.07
50400,1117,-6120.07
50401,1016,46584.63
50401,1031,-46584.63
50402,1007,11980.04
50402,1049,-11980.04
50403,1134,16531.37
50403,1047,-16531.37
50404,1220,37443.87
50404,1097,-37443.87
50405,1013,5430.02
50405,1172,-5430.02
50406,1265,12789.87
50406,1007,-12789.87
50407,1204,18797.78
50407,1040,-18797.78
50408,1221,23795.22
50408,1035,-23795.22
50409,1023,46854.92
50409,1030,-46854.92
50410,1098,41086.13
50410,1041,-41086.13
50411,1053,30330.16
50411,1047,-30330.16
50412,1278,47048.33
50412,1128,-47048.33
50413,1019,27681.12
50413,1178,-27681.12
50414,1034,34293.89
50414,1015,-34293.89
50415,1025,19484.7
50415,1016,-19484.7
50416,1048,46822.49
50416,1170,-46822.49
50417,1010,42984.9
50417,1183,-42984.9
50418,1272,43985.42
50418,1052,-43985.42
50419,1102,13774.42
50419,1052,-13774.42
50420,1123,24635.42
50420,1053,-24635.42
50421,1052,21176.06
50421,1161,-21176.06
50422,1129,34954.26
50422,1004,-34954.26
50423,1260,30145.59
50423,1137,-30145.59
50424,1048,34790.98
50424,1158,-34790.98
50425,1246,9268.61
50425,1125,-9268.61
50426,1040,20093.03
50426,1174,-20093.03
50427,1010,4203.38
50427,1170,-4203.38
50428,1273,48486.26
50428,1140,-48486.26
50429,1026,29741.4
50429,1175,-29741.4
50430,1207,43687.94
50430,1033,-43687.94
50431,1020,29691.72
50431,1173,-29691.72
50432,1011,20783.37
50432,1180,-20783.37
50433,1036,47243.38
50433,1014,-47243.38
50434,1035,1246.21
50434,1169,-1246.21
50435,1012,48708.97
50435,1016,-48708.97
50436,1122,8520.92
50436,1039,-8520.92
50437,1201,13081.87
50437,1047,-13081.87
50438,1000,28405.42
50438,1188,-28405.42
50439,1248,46007.45
50439,1129,-46007.45
50440,1216,11301.75
50440,1024,-11301.75
50441,1017,40689.28
50441,1018,-40689.28
50442,1124,19165.47
50442,1013,-19165.47
50443,1226,49760.85
50443,1136,-49760.85
50444,1242,20974.72
50444,1018,-20974.72
50445,1015,48808.8
50445,1183,-48808.8
50446,1043,18544.92
50446,1041,-18544.92
50447,1207,614.98
50447,1041,-614.98
50448,1013,19937.98
50448,1045,-19937.98
50449,1266,21222.22
50449,1032,-21222.22
50450,1003,27894.3
50450,1176,-27894.3
50451,1022,23599.53
50451,1038,-23599.53
50452,1038,48363.77
50452,1045,-48363.77
50453,1113,2371.04
50453,1032,-2371.04
50454,1240,15195.12
50454,1128,-15195.12
50455,1261,48406.08
50455,1005,-48406.08
50456,1254,13088.55
50456,1106,-13088.55
50457,1008,43907.05
50457,1005,-43907.05
50458,1009,26568.15
50458,1171,-26568.15
50459,1008,2303.69
50459,1186,-2303.69
50460,1047,41756.72
50460,1023,-41756.72
50461,1016,14217.98
50461,1039,-14217.98
50462,1130,46343.17
50462,1020,-46343.17
50463,1252,8332.69
50463,1140,-8332.69
50464,1042,27828.17
50464,1040,-27828.17
50465,1106,2755.79
50465,1003,-2755.79
50466,1016,1889.53
50466,1165,-1889.53
50467,1128,21877.85
50467,1002,-21877.85
50468,1261,49442.05
50468,1105,-49442.05
50469,1208,5713.3
50469,1015,-5713.3
50470,1018,10266.31
50470,1166,-10266.31
50471,1114,37521.84
50471,1036,-37521.84
50472,1037,29325.3
50472,1000,-29325.3
50473,1243,28582.31
50473,1009,-28582.31
50474,1006,24955.73
50474,1176,-24955.73
50475,1043,34097.49
50475,1162,-34097.49
50476,1203,29557.89
50476,1041,-29557.89
50477,1053,4145.06
50477,1185,-4145.06
50478,1266,47764.56
50478,1127,-47764.56
50479,1041,48491.55
50479,1183,-48491.55
50480,1046,36604.11
50480,1163,-36604.11
50481,1041,2529.24
50481,1173,-2529.24
50482,1004,2871.2
50482,1179,-2871.2
50483,1015,12832.68
50483,1180,-12832.68
50484,1010,42632.06
50484,1179,-42632.06
50485,1138,14318.3
50485,1009,-14318.3
50486,1027,24593.17
50486,1174,-24593.17
50487,1022,30215.33
50487,1042,-30215.33
50488,1012,18436.1
50488,1186,-18436.1
50489,1224,19465.67
50489,1115,-19465.67
50490,1244,4602.1
50490,1047,-4602.1
50491,1244,21761.89
50491,1011,-21761.89
50492,1029,17153.07
50492,1169,-17153.07
50493,1253,35710.41
50493,1110,-35710.41
50494,1227,26281.42
50494,1102,-26281.42
50495,1251,45369.66
50495,1038,-45369.66
50496,1019,6476.71
50496,1170,-6476.71
50497,1196,14844.53
50497,1113,-14844.53
50498,1006,2350.24
50498,1187,-2350.24
50499,1274,4814.77
50499,1135,-4814.77
50500,1222,12743.68
50500,1117,-12743.68
50501,1007,25221.88
50501,1184,-25221.88
50502,1025,9192.19
50502,1157,-9192.19
50503,1019,43850.09
50503,1175,-43850.09
50504,1275,22804.41
50504,1100,-22804.41
50505,1213,13327.21
50505,1027,-13327.21
50506,1038,37376.76
50506,1171,-37376.76
50507,1034,5405.9
50507,1001,-5405.9
50508,1010,5922.25
50508,1185,-5922.25
50509,1274,20314.07
50509,1138,-20314.07
50510,1269,24387.45
50510,1121,-24387.45
50511,1278,33722.78
50511,1129,-33722.78
50512,1206,15202.57
50512,1017,-15202.57
50513,1001,5684.43
50513,1167,-5684.43
50514,1041,10540.55
50514,1009,-10540.55
50515,1270,21845.84
50515,1111,-21845.84
50516,1029,15115.8
50516,1164,-15115.8
50517,1211,1188.66
50517,1019,-1188.66
50518,1128,22318.77
50518,1030,-22318.77
50519,1015,22530.86
50519,1167,-22530.86
50520,1025,41489.59
50520,1158,-41489.59
50521,1045,5222.91
50521,1182,-5222.91
50522,1047,42445.95
50522,1037,-42445.95
50523,1227,27759.8
50523,1004,-27759.8
50524,1265,24356.44
50524,1135,-24356.44
50525,1252,33965.53
50525,1029,-33965.53
50526,1124,26462.61
50526,1036,-26462.61
50527,1041,3269.18
50527,1181,-3269.18
50528,1039,5935.34
50528,1041,-5935.34
50529,1001,34905.97
50529,1165,-34905.97
50530,1022,9690.84
50530,1183,-9690.84
50531,1043,11063.15
50531,1176,-11063.15
50532,1045,42687.34
50532,1042,-42687.34
50533,1239,44170.35
50533,1053,-44170.35
50534,1120,33688.05
50534,1050,-33688.05
50535,1210,48549.99
50535,1122,-48549.99
50536,1005,34565.81
50536,1185,-34565.81
50537,1038,10054.26
50537,1186,-10054.26
50538,1031,20857.62
50538,1174,-20857.62
50539,1001,27885.84
50539,1177,-27885.84
50540,1010,17916.49
50540,1011,-17916.49
50541,1099,44733.43
50541,1051,-44733.43
50542,1039,21587.96
50542,1169,-21587.96
50543,1016,11282.37
50543,1176,-11282.37
50544,1132,38491.76
50544,1017,-38491.76
50545,1032,42685.07
50545,1038,-42685.07
50546,1246,35349.61
50546,1101,-35349.61
50547,1006,37812.64
50547,1050,-37812.64
50548,1203,39129.6
50548,1114,-39129.6
50549,1040,5360.01
50549,1162,-5360.01
50550,1010,45558.19
50550,1046,-45558.19
50551,1032,22131.74
50551,1186,-22131.74
50552,1138,5054.78
50552,1023,-5054.78
50553,1012,6974.85
50553,1183,-6974.85
50554,1000,38484.04
50554,1015,-38484.04
50555,1115,23735.8
50555,1032,-23735.8
50556,1045,13374.18
50556,1181,-13374.18
50557,1209,33283.26
50557,1139,-33283.26
50558,1111,21143.94
50558,1008,-21143.94
50559,1123,20729.13
50559,1029,-20729.13
50560,1043,25856.15
50560,1023,-25856.15
50561,1049,22184.68
50561,1000,-22184.68
50562,1101,25915.7
50562,1005,-25915.7
50563,1049,20142.38
50563,1165,-20142.38
50564,1194,19723.99
50564,1127,-19723.99
50565,1036,7632.51
50565,1003,-7632.51
50566,1051,49004.35
50566,1042,-49004.35
50567,1026,48635.79
50567,1025,-48635.79
50568,1019,35069.44
50568,1046,-35069.44
50569,1097,45470.62
50569,1052,-45470.62
50570,1009,26436.81
50570,1180,-26436.81
50571,1259,10336.17
50571,1122,-10336.17
50572,1119,32636.65
50572,1051,-32636.65
50573,1109,20284.83
50573,1019,-20284.83
50574,1024,26917.93
50574,1163,-26917.93
50575,1217,27085.43
50575,1011,-27085.43
50576,1233,15681.4
50576,1139,-15681.4
50577,1259,1268.74
50577,1118,-1268.74
50578,1019,41628.23
50578,1182,-41628.23
50579,1003,5611.05
50579,1053,-5611.05
50580,1235,31386.78
50580,1015,-31386.78
50581,1007,32583.02
50581,1183,-32583.02
50582,1029,36869.25
50582,1176,-36869.25
50583,1037,40288.84
50583,1036,-40288.84
50584,1139,46883.22
50584,1034,-46883.22
50585,1116,11768.51
50585,1018,-11768.51
50586,1263,40772.45
50586,1129,-40772.45
50587,1047,18945.52
50587,1170,-18945.52
50588,1012,25870.95
50588,1178,-25870.95
50589,1244,7413.01
50589,1052,-7413.01
50590,1008,3203.46
50590,1185,-3203.46
50591,1043,3995.83
50591,1188,-3995.83
50592,1240,27992.53
50592,1033,-27992.53
50593,1246,31859.41
50593,1131,-31859.41
50594,1026,24528.1
50594,1052,-24528.1
50595,1031,25338.72
50595,1184,-25338.72
50596,1033,35255.78
50596,1162,-35255.78
50597,1194,22826.08
50597,1138,-22826.08
50598,1007,27995.43
50598,1181,-27995.43
50599,1018,18542.34
50599,1157,-18542.34
50600,1229,5975.34
50600,1047,-5975.34
50601,1050,24347.68
50601,1164,-24347.68
50602,1003,29522.25
50602,1174,-29522.25
50603,1052,10857.51
50603,1047,-10857.51
50604,1234,6204.16
50604,1008,-6204.16
50605,1036,20937.0
50605,1019,-20937.0
50606,1238,45024.34
50606,1103,-45024.34
50607,1105,41700.8
50607,1048,-41700.8
50608,1048,31859.37
50608,1183,-31859.37
50609,1231,7534.23
50609,1011,-7534.23
50610,1123,33258.67
50610,1024,-33258.67
50611,1034,19830.32
50611,1157,-19830.32
50612,1047,44513.15
50612,1017,-44513.15
50613,1280,43311.08
50613,1003,-43311.08
50614,1280,39828.32
50614,1039,-39828.32
50615,1261,6276.7
50615,1010,-6276.7
50616,1036,30973.33
50616,1158,-30973.33
50617,1048,26135.51
50617,1030,-26135.51
50618,1274,1031.34
50618,1111,-1031.34
50619,1050,1046.78
50619,1168,-1046.78
50620,1037,35310.32
50620,1183,-35310.32
50621,1020,26723.84
50621,1180,-26723.84
50622,1192,24624.5
50622,1043,-24624.5
50623,1257,20805.33
50623,1040,-20805.33
50624,1202,4642.15
50624,1112,-4642.15
50625,1016,7287.31
50625,1160,-7287.31
50626,1043,47613.02
50626,1165,-47613.02
50627,1011,48060.05
50627,1156,-48060.05
50628,1103,14971.41
50628,1020,-14971.41
50629,1016,44661.25
50629,1179,-44661.25
50630,1003,44985.13
50630,1012,-44985.13
50631,1015,29890.53
50631,1186,-29890.53
50632,1204,25270.62
50632,1034,-25270.62
50633,1026,23294.69
50633,1159,-23294.69
50634,1219,20433.94
50634,1002,-20433.94
50635,1043,48177.39
50635,1161,-48177.39
50636,1050,27779.9
50636,1163,-27779.9
50637,1005,20396.62
50637,1187,-20396.62
50638,1023,48398.78
50638,1189,-48398.78
50639,1034,39122.98
50639,1027,-39122.98
50640,1002,27802.1
50640,1000,-27802.1
50641,1136,48059.61
50641,1018,-48059.61
50642,1197,8452.35
50642,1104,-8452.35
50643,1043,12619.36
50643,1179,-12619.36
50644,1013,42137.69
50644,1037,-42137.69
50645,1107,14137.43
50645,1047,-14137.43
50646,1201,3589.77
50646,1050,-3589.77
50647,1261,41541.86
50647,1035,-41541.86
50648,1032,10621.42
50648,1051,-10621.42
50649,1021,34136.84
50649,1171,-34136.84
50650,1017,35416.93
50650,1015,-35416.93
50651,1216,16149.75
50651,1101,-16149.75
50652,1044,16490.02
50652,1008,-16490.02
50653,1250,202.17
50653,1000,-202.17
50654,1026,33668.05
50654,1035,-33668.05
50655,1048,35194.65
50655,1025,-35194.65
50656,1273,39386.53
50656,1126,-39386.53
50657,1053,1644.28
50657,1183,-1644.28
50658,1238,17714.44
50658,1119,-17714.44
50659,1279,8941.61
50659,1001,-8941.61
50660,1012,18586.98
50660,1183,-18586.98
50661,1048,37182.91
50661,1172,-37182.91
50662,1214,35488.97
50662,1011,-35488.97
50663,1111,31299.3
50663,1014,-31299.3
50664,1002,48368.1
50664,1017,-48368.1
50665,1267,35231.98
50665,1026,-35231.98
50666,1040,49214.75
50666,1180,-49214.75
50667,1032,13939.64
50667,1186,-13939.64
50668,1047,9769.14
50668,1166,-9769.14
50669,1004,6499.5
50669,1163,-6499.5
50670,1014,28538.17
50670,1188,-28538.17
50671,1140,13788.97
50671,1001,-13788.97
50672,1034,34679.99
50672,1039,-34679.99
50673,1029,28049.79
50673,1155,-28049.79
50674,1041,32084.22
50674,1003,-32084.22
50675,1026,16217.66
50675,1017,-16217.66
50676,1031,25962.93
50676,1178,-25962.93
50677,1218,2268.89
50677,1006,-2268.89
50678,1028,21061.1
50678,1175,-21061.1
50679,1005,9810.95
50679,1156,-9810.95
50680,1044,11358.84
50680,1027,-11358.84
50681,1012,45858.06
50681,1010,-45858.06
50682,1040,3235.92
50682,1161,-3235.92
50683,1001,21654.25
50683,1176,-21654.25
50684,1127,12432.96
50684,1015,-12432.96
50685,1052,41642.62
50685,1021,-41642.62
50686,1199,11913.51
50686,1119,-11913.51
50687,1270,38228.52
50687,1100,-38228.52
50688,1197,4368.18
50688,1004,-4368.18
50689,1278,44515.18
50689,1008,-44515.18
50690,1125,3193.91
50690,1003,-3193.91
50691,1004,31346.64
50691,1161,-31346.64
50692,1227,28006.98
50692,1048,-28006.98
50693,1242,30903.37
50693,1029,-30903.37
50694,1039,39394.99
50694,1000,-39394.99
50695,1244,23264.03
50695,1122,-23264.03
50696,1276,17046.86
50696,1003,-17046.86
50697,1214,16476.86
50697,1013,-16476.86
50698,1004,29799.24
50698,1167,-29799.24
50699,1032,6386.48
50699,1016,-6386.48
50700,1269,24121.83
50700,1099,-24121.83
50701,1002,6969.87
50701,1158,-6969.87
50702,1032,29267.66
50702,1177,-29267.66
50703,1049,44272.57
50703,1164,-44272.57
50704,1021,15502.85
50704,1173,-15502.85
50705,1265,503.28
50705,1127,-503.28
50706,1254,2960.15
50706,1114,-2960.15
50707,1012,21160.85
50707,1012,-21160.85
50708,1198,10142.94
50708,1043,-10142.94
50709,1044,23838.68
50709,1184,-23838.68
50710,1264,16624.16
50710,1115,-16624.16
50711,1026,30843.55
50711,1021,-30843.55
50712,1050,22769.67
50712,1157,-22769.67
50713,1271,46005.68
50713,1028,-46005.68
50714,1217,23380.18
50714,1030,-23380.18
50715,1232,38440.59
50715,1137,-38440.59
50716,1190,20075.6
50716,1046,-20075.6
50717,1035,17958.54
50717,1162,-17958.54
50718,1040,22076.37
50718,1178,-22076.37
50719,1012,1581.31
50719,1173,-1581.31
50720,1046,44280.57
50720,1166,-44280.57
50721,1011,27769.8
50721,1167,-27769.8
50722,1006,42159.78
50722,1156,-42159.78
50723,1138,6948.45
50723,1050,-6948.45
50724,1013,16985.33
50724,1019,-16985.33
50725,1237,18545.07
50725,1127,-18545.07
50726,1051,26393.64
50726,1182,-26393.64
50727,1009,3362.34
50727,1008,-3362.34
50728,1121,9664.9
50728,1044,-9664.9
50729,1271,30017.5
50729,1031,-30017.5
50730,1037,38177.81
50730,1012,-38177.81
50731,1009,14779.72
50731,1020,-14779.72
50732,1017,31510.01
50732,1163,-31510.01
50733,1031,48422.38
50733,1013,-48422.38
50734,1139,39254.79
50734,1039,-39254.79
50735,1048,25479.83
50735,1187,-25479.83
50736,1212,25992.73
50736,1041,-25992.73
50737,1127,26321.24
50737,1045,-26321.24
50738,1037,23740.53
50738,1025,-23740.53
50739,1273,39552.16
50739,1004,-39552.16
50740,1028,44754.74
50740,1170,-44754.74
50741,1238,15369.35
50741,1116,-15369.35
50742,1016,42137.34
50742,1160,-42137.34
50743,1028,4293.0
50743,1188,-4293.0
50744,1249,29239.72
50744,1108,-29239.72
50745,1249,21362.51
50745,1098,-21362.51
50746,1230,40244.77
50746,1034,-40244.77
50747,1219,9060.33
50747,1033,-9060.33
50748,1200,18018.74
50748,1037,-18018.74
50749,1138,25688.27
50749,1005,-25688.27
50750,1103,46337.64
50750,1007,-46337.64
50751,1012,2010.24
50751,1176,-2010.24
50752,1019,16529.14
50752,1172,-16529.14
50753,1008,30241.3
50753,1189,-30241.3
50754,1019,525.84
50754,1018,-525.84
50755,1122,39178.1
50755,1025,-39178.1
50756,1097,37914.52
50756,1030,-37914.52
50757,1209,49464.8
50757,1050,-49464.8
50758,1013,36194.46
50758,1185,-36194.46
50759,1035,29391.48
50759,1184,-29391.48
50760,1102,23123.92
50760,1020,-23123.92
50761,1123,21496.77
50761,1013,-21496.77
50762,1193,42661.91
50762,1047,-42661.91
50763,1019,43700.14
50763,1155,-43700.14
50764,1235,32976.52
50764,1043,-32976.52
50765,1048,21343.4
50765,1180,-21343.4
50766,1116,34556.88
50766,1020,-34556.88
50767,1194,28422.11
50767,1017,-28422.11
50768,1021,47636.61
50768,1180,-47636.61
50769,1025,10289.81
50769,1004,-10289.81
50770,1203,9498.1
50770,1042,-9498.1
50771,1228,22631.61
50771,1011,-22631.61
50772,1011,33776.79
50772,1157,-33776.79
50773,1098,30207.86
50773,1011,-30207.86
50774,1024,45576.13
50774,1173,-45576.13
50775,1033,14626.17
50775,1159,-14626.17
50776,1191,18495.75
50776,1021,-18495.75
50777,1025,45499.64
50777,1165,-45499.64
50778,1026,6543.97
50778,1030,-6543.97
50779,1110,19510.75
50779,1008,-19510.75
50780,1052,15556.88
50780,1045,-15556.88
50781,1263,8023.18
50781,1039,-8023.18
50782,1277,25173.5
50782,1101,-25173.5
50783,1009,471.42
50783,1183,-471.42
50784,1051,20021.92
50784,1170,-20021.92
50785,1252,45524.1
50785,1101,-45524.1
50786,1201,2050.33
50786,1036,-2050.33
50787,1234,45952.9
50787,1132,-45952.9
50788,1122,39638.1
50788,1039,-39638.1
50789,1123,42507.21
50789,1015,-42507.21
50790,1027,30925.05
50790,1184,-30925.05
50791,1279,32988.09
50791,1115,-32988.09
50792,1002,34962.37
50792,1170,-34962.37
50793,1040,7980.82
50793,1034,-7980.82
50794,1044,45823.19
50794,1168,-45823.19
50795,1048,20622.78
50795,1035,-20622.78
50796,1048,18499.73
50796,1161,-18499.73
50797,1242,38997.58
50797,1100,-38997.58
50798,1002,10447.87
50798,1184,-10447.87
50799,1043,31979.44
50799,1184,-31979.44
50800,1214,37323.28
50800,1050,-37323.28
50801,1045,12605.23
50801,1163,-12605.23
50802,1031,37458.93
50802,1184,-37458.93
50803,1015,27466.58
50803,1183,-27466.58
50804,1053,41039.29
50804,1165,-41039.29
50805,1006,1001.5
50805,1166,-1001.5
50806,1025,26779.23
50806,1165,-26779.23
50807,1043,38203.09
50807,1172,-38203.09
50808,1013,17968.54
50808,1157,-17968.54
50809,1028,26661.71
50809,1044,-26661.71
50810,1033,31776.04
50810,1161,-31776.04
50811,1196,15485.38
50811,1119,-15485.38
50812,1049,38643.24
50812,1167,-38643.24
50813,1015,18794.77
50813,1012,-18794.77
50814,1000,21141.97
50814,1176,-21141.97
50815,1101,34029.98
50815,1014,-34029.98
50816,1053,4920.5
50816,1053,-4920.5
50817,1195,36228.17
50817,1053,-36228.17
50818,1231,40799.65
50818,1114,-40799.65
50819,1259,31271.2
50819,1050,-31271.2
50820,1013,6128.12
50820,1006,-6128.12
50821,1241,8763.72
50821,1126,-8763.72
50822,1029,19520.41
50822,1169,-19520.41
50823,1041,40772.74
50823,1178,-40772.74
50824,1026,44284.46
50824,1174,-44284.46
50825,1103,25028.84
50825,1045,-25028.84
50826,1262,49527.51
50826,1021,-49527.51
50827,1020,4827.75
50827,1179,-4827.75
50828,1278,48621.11
50828,1017,-48621.11
50829,1044,31804.14
50829,1175,-31804.14
50830,1004,33351.89
50830,1021,-33351.89
50831,1028,45613.95
50831,1179,-45613.95
50832,1254,37116.51
50832,1118,-37116.51
50833,1098,763.25
50833,1039,-763.25
50834,1112,6290.4
50834,1047,-6290.4
50835,1200,12252.93
50835,1007,-12252.93
50836,1012,24986.45
50836,1164,-24986.45
50837,1220,32137.74
50837,1135,-32137.74
50838,1232,47299.24
50838,1017,-47299.24
50839,1048,32215.74
50839,1157,-32215.74
50840,1272,48880.62
50840,1036,-48880.62
50841,1118,11527.6
50841,1021,-11527.6
50842,1042,27011.66
50842,1170,-27011.66
50843,1111,34844.27
50843,1038,-34844.27
50844,1011,26121.45
50844,1028,-26121.45
50845,1252,3324.38
50845,1008,-3324.38
50846,1009,2700.13
50846,1013,-2700.13
50847,1035,8766.42
50847,1168,-8766.42
50848,1046,4000.41
50848,1184,-4000.41
50849,1015,36111.52
50849,1182,-36111.52
50850,1018,12523.57
50850,1183,-12523.57
50851,1050,10149.91
50851,1030,-10149.91
50852,1025,48630.5
50852,1179,-48630.5
50853,1032,22124.67
50853,1182,-22124.67
50854,1127,40998.23
50854,1001,-40998.23
50855,1102,21427.12
50855,1048,-21427.12
50856,1034,15081.55
50856,1009,-15081.55
50857,1238,8867.4
50857,1102,-8867.4
50858,1035,14232.96
50858,1185,-14232.96
50859,1030,6919.15
50859,1167,-6919.15
50860,1000,9562.33
50860,1187,-9562.33
50861,1122,18775.46
50861,1026,-18775.46
50862,1023,48527.58
50862,1024,-48527.58
50863,1265,32088.33
50863,1009,-32088.33
50864,1205,2037.46
50864,1049,-2037.46
50865,1048,8201.88
50865,1027,-8201.88
50866,1048,38586.39
50866,1046,-38586.39
50867,1040,35485.51
50867,1178,-35485.51
50868,1244,32580.23
50868,1137,-32580.23
50869,1052,23938.51
50869,1178,-23938.51
50870,1279,33853.64
50870,1128,-33853.64
50871,1248,13140.4
50871,1130,-13140.4
50872,1037,12446.0
50872,1165,-12446.0
50873,1041,38571.51
50873,1179,-38571.51
50874,1200,29349.41
50874,1109,-29349.41
50875,1010,43812.71
50875,1053,-43812.71
50876,1254,34622.66
50876,1111,-34622.66
50877,1229,19201.15
50877,1136,-19201.15
50878,1201,43832.38
50878,1013,-43832.38
50879,1234,38856.89
50879,1018,-38856.89
50880,1047,10555.33
50880,1180,-10555.33
50881,1211,420.37
50881,1105,-420.37
50882,1044,3585.09
50882,1181,-3585.09
50883,1245,32760.61
50883,1021,-32760.61
50884,1008,9401.36
50884,1167,-9401.36
50885,1204,25180.43
50885,1100,-25180.43
50886,1215,10707.41
50886,1007,-10707.41
50887,1109,40478.01
50887,1016,-40478.01
50888,1028,43593.62
50888,1040,-43593.62
50889,1040,5548.85
50889,1010,-5548.85
50890,1007,4376.78
50890,1172,-4376.78
50891,1015,1580.37
50891,1185,-1580.37
50892,1191,38050.63
50892,1007,-38050.63
50893,1042,47765.17
50893,1157,-47765.17
50894,1000,26164.49
50894,1179,-26164.49
50895,1224,49346.15
50895,1105,-49346.15
50896,1244,16917.8
50896,1043,-16917.8
50897,1230,44518.59
50897,1030,-44518.59
50898,1024,33287.41
50898,1039,-33287.41
50899,1021,17865.86
50899,1161,-17865.86
50900,1025,43540.02
50900,1163,-43540.02
50901,1033,6232.44
50901,1172,-6232.44
50902,1015,37596.84
50902,1023,-37596.84
50903,1250,34340.63
50903,1108,-34340.63
50904,1271,9477.95
50904,1041,-9477.95
50905,1002,18074.26
50905,1175,-18074.26
50906,1252,11754.58
50906,1051,-11754.58
50907,1119,39718.62
50907,1027,-39718.62
50908,1030,47079.73
50908,1042,-47079.73
50909,1046,45269.62
50909,1024,-45269.62
50910,1009,9834.34
50910,1188,-9834.34
50911,1045,39264.61
50911,1032,-39264.61
50912,1005,24946.46
50912,1174,-24946.46
50913,1126,49815.61
50913,1010,-49815.61
50914,1030,47757.06
50914,1042,-47757.06
50915,1211,12243.46
50915,1139,-12243.46
50916,1006,35025.46
50916,1027,-35025.46
50917,1020,1558.17
50917,1024,-1558.17
50918,1113,11096.76
50918,1042,-11096.76
50919,1205,44885.79
50919,1128,-44885.79
50920,1046,26773.71
50920,1186,-26773.71
50921,1014,34620.05
50921,1159,-34620.05
50922,1238,18912.82
50922,1126,-18912.82
50923,1245,28138.81
50923,1029,-28138.81
50924,1005,5872.93
50924,1162,-5872.93
50925,1012,37055.0
50925,1162,-37055.0
50926,1230,6458.13
50926,1048,-6458.13
50927,1197,183.76
50927,1118,-183.76
50928,1244,42371.22
50928,1040,-42371.22
50929,1105,39896.16
50929,1033,-39896.16
50930,1203,29579.72
50930,1050,-29579.72
50931,1020,42632.87
50931,1164,-42632.87
50932,1111,14911.5
50932,1031,-14911.5
50933,1226,7456.53
50933,1018,-7456.53
50934,1099,42471.46
50934,1038,-42471.46
50935,1044,25168.66
50935,1162,-25168.66
50936,1036,42398.7
50936,1185,-42398.7
50937,1227,10863.68
50937,1133,-10863.68
50938,1051,3034.75
50938,1021,-3034.75
50939,1046,35866.64
50939,1169,-35866.64
50940,1108,2723.06
50940,1031,-2723.06
50941,1139,15025.18
50941,1010,-15025.18
50942,1021,27442.35
50942,1027,-27442.35
50943,1240,49516.68
50943,1050,-49516.68
50944,1018,36365.05
50944,1167,-36365.05
50945,1103,27445.7
50945,1008,-27445.7
50946,1051,39584.75
50946,1158,-39584.75
50947,1126,35508.42
50947,1041,-35508.42
50948,1044,6964.29
50948,1185,-6964.29
50949,1013,7326.66
50949,1167,-7326.66
50950,1133,555.71
50950,1006,-555.71
50951,1208,49425.36
50951,1048,-49425.36
50952,1053,21412.84
50952,1010,-21412.84
50953,1030,4892.78
50953,1011,-4892.78
50954,1032,5955.61
50954,1041,-5955.61
50955,1009,21747.69
50955,1180,-21747.69
50956,1025,6028.25
50956,1186,-6028.25
50957,1011,29848.16
50957,1179,-29848.16
50958,1139,49559.08
50958,1042,-49559.08
50959,1052,23237.32
50959,1179,-23237.32
50960,1023,32694.45
50960,1155,-32694.45
50961,1031,4223.59
50961,1187,-4223.59
50962,1036,29383.84
50962,1185,-29383.84
50963,1050,37293.43
50963,1166,-37293.43
50964,1279,49997.71
50964,1098,-49997.71
50965,1020,6349.3
50965,1159,-6349.3
50966,1131,43124.3
50966,1011,-43124.3
50967,1240,35067.02
50967,1114,-35067.02
50968,1130,39195.38
50968,1031,-39195.38
50969,1034,41873.48
50969,1162,-41873.48
50970,1139,10452.44
50970,1007,-10452.44
50971,1011,29995.22
50971,1155,-29995.22
50972,1205,40045.6
50972,1005,-40045.6
50973,1010,10390.87
50973,1160,-10390.87
50974,1194,42587.36
50974,1010,-42587.36
50975,1023,25356.8
50975,1034,-25356.8
50976,1042,48857.44
50976,1155,-48857.44
50977,1033,2403.7
50977,1173,-2403.7
50978,1263,22301.52
50978,1105,-22301.52
50979,1235,26181.05
50979,1120,-26181.05
50980,1202,10570.99
50980,1127,-10570.99
50981,1109,11931.31
50981,1009,-11931.31
50982,1008,41648.13
50982,1168,-41648.13
50983,1269,13942.05
50983,1097,-13942.05
50984,1024,12822.87
50984,1165,-12822.87
50985,1222,4254.38
50985,1129,-4254.38
50986,1258,34756.32
50986,1026,-34756.32
50987,1040,36660.48
50987,1167,-36660.48
50988,1138,28225.74
50988,1052,-28225.74
50989,1209,8285.75
50989,1040,-8285.75
50990,1001,21737.99
50990,1038,-21737.99
50991,1034,13579.25
50991,1162,-13579.25
50992,1232,20398.39
50992,1124,-20398.39
50993,1049,45471.34
50993,1172,-45471.34
50994,1017,39925.06
50994,1155,-39925.06
50995,1014,48976.31
50995,1179,-48976.31
50996,1007,39158.41
50996,1011,-39158.41
50997,1265,43788.05
50997,1105,-43788.05
50998,1036,17510.12
50998,1173,-17510.12
50999,1196,30412.6
50999,1021,-30412.6
51000,1011,37618.46
51000,1177,-37618.46
51001,1131,33922.81
51001,1035,-33922.81
51002,1251,42496.54
51002,1118,-42496.54
51003,1032,573.92
51003,1164,-573.92
51004,1262,7219.24
51004,1137,-7219.24
51005,1040,45930.24
51005,1178,-45930.24
51006,1135,12530.67
51006,1026,-12530.67
51007,1119,9236.92
51007,1051,-9236.92
51008,1244,14412.3
51008,1109,-14412.3
51009,1052,44081.25
51009,1014,-44081.25
51010,1019,42910.28
51010,1181,-42910.28
51011,1137,42277.76
51011,1005,-42277.76
51012,1005,12077.83
51012,1165,-12077.83
51013,1226,4320.8
51013,1113,-4320.8
51014,1000,40436.51
51014,1027,-40436.51
51015,1207,46628.83
51015,1104,-46628.83
51016,1276,34287.58
51016,1111,-34287.58
51017,1268,20333.03
51017,1024,-20333.03
51018,1045,37321.27
51018,1027,-37321.27
51019,1112,37508.43
51019,1047,-37508.43
51020,1257,46030.9
51020,1130,-46030.9
51021,1211,30407.94
51021,1129,-30407.94
51022,1014,38209.15
51022,1011,-38209.15
51023,1032,41986.51
51023,1177,-41986.51
51024,1024,21193.84
51024,1010,-21193.84
51025,1276,5750.35
51025,1031,-5750.35
51026,1104,42553.77
51026,1018,-42553.77
51027,1013,14747.9
51027,1155,-14747.9
51028,1110,28485.21
51028,1019,-28485.21
51029,1032,47960.83
51029,1052,-47960.83
51030,1039,46777.18
51030,1031,-46777.18
51031,1029,393.97
51031,1176,-393.97
51032,1022,5447.49
51032,1166,-5447.49
51033,1245,542.3
51033,1105,-542.3
51034,1009,26501.92
51034,1181,-26501.92
51035,1009,24421.87
51035,1171,-24421.87
51036,1019,19828.41
51036,1178,-19828.41
51037,1224,9190.88
51037,1013,-9190.88
51038,1028,32848.35
51038,1010,-32848.35
51039,1000,37379.85
51039,1177,-37379.85
51040,1007,35490.05
51040,1012,-35490.05
51041,1026,6770.65
51041,1176,-6770.65
51042,1012,8099.59
51042,1030,-8099.59
51043,1007,49148.14
51043,1026,-49148.14
51044,1277,24828.82
51044,1134,-24828.82
51045,1049,37579.39
51045,1180,-37579.39
51046,1239,46185.71
51046,1016,-46185.71
51047,1001,5483.19
51047,1163,-5483.19
51048,1049,25050.05
51048,1170,-25050.05
51049,1027,41508.8
51049,1155,-41508.8
51050,1252,14544.38
51050,1010,-14544.38
51051,1106,12462.59
51051,1046,-12462.59
51052,1204,12548.39
51052,1033,-12548.39
51053,1052,12442.98
51053,1027,-12442.98
51054,1051,35352.4
51054,1161,-35352.4
51055,1108,25166.46
51055,1012,-25166.46
51056,1040,29600.69
51056,1009,-29600.69
51057,1002,6701.56
51057,1172,-6701.56
51058,1027,46462.01
51058,1001,-46462.01
51059,1196,4637.68
51059,1048,-4637.68
51060,1271,15391.65
51060,1029,-15391.65
51061,1003,21361.19
51061,1187,-21361.19
51062,1204,2677.61
51062,1034,-2677.61
51063,1243,47155.64
51063,1031,-47155.64
51064,1002,2473.06
51064,1155,-2473.06
51065,1013,37263.26
51065,1173,-37263.26
51066,1202,45433.25
51066,1098,-45433.25
51067,1023,47421.58
51067,1176,-47421.58
51068,1000,4934.67
51068,1163,-4934.67
51069,1023,37090.48
51069,1188,-37090.48
51070,1225,11988.79
51070,1026,-11988.79
51071,1203,4452.84
51071,1016,-4452.84
51072,1195,30131.57
51072,1118,-30131.57
51073,1052,44213.66
51073,1012,-44213.66
51074,1006,22343.91
51074,1159,-22343.91
51075,1019,30988.62
51075,1046,-30988.62
51076,1258,38073.3
51076,1135,-38073.3
51077,1026,6478.81
51077,1171,-6478.81
51078,1035,37991.82
51078,1022,-37991.82
51079,1045,22479.26
51079,1007,-22479.26
51080,1026,3478.65
51080,1033,-3478.65
51081,1001,25243.08
51081,1010,-25243.08
51082,1206,34865.64
51082,1037,-34865.64
51083,1050,28352.12
51083,1167,-28352.12
51084,1140,19934.94
51084,1034,-19934.94
51085,1010,48579.77
51085,1028,-48579.77
51086,1121,19269.11
51086,1025,-19269.11
51087,1190,10425.54
51087,1020,-10425.54
51088,1191,29646.43
51088,1108,-29646.43
51089,1257,35416.93
51089,1033,-35416.93
51090,1045,11094.78
51090,1172,-11094.78
51091,1195,8638.34
51091,1111,-8638.34
51092,1009,2050.62
51092,1172,-2050.62
51093,1050,13594.7
51093,1003,-13594.7
51094,1216,12525.5
51094,1111,-12525.5
51095,1040,32467.41
51095,1178,-32467.41
51096,1035,47326.75
51096,1171,-47326.75
51097,1136,20476.31
51097,1018,-20476.31
51098,1052,2957.45
51098,1155,-2957.45
51099,1114,11042.05
51099,1011,-11042.05
51100,1042,880.36
51100,1161,-880.36
51101,1138,34436.96
51101,1016,-34436.96
51102,1035,31751.85
51102,1013,-31751.85
51103,1114,11109.89
51103,1013,-11109.89
51104,1240,40405.87
51104,1019,-40405.87
51105,1245,36517.61
51105,1047,-36517.61
51106,1031,24002.44
51106,1166,-24002.44
51107,1212,40798.34
51107,1024,-40798.34
51108,1213,47173.42
51108,1125,-47173.42
51109,1011,15577.0
51109,1180,-15577.0
51110,1208,9473.62
51110,1009,-9473.62
51111,1272,22805.71
51111,1051,-22805.71
51112,1046,26386.25
51112,1155,-26386.25
51113,1192,18955.97
51113,1014,-18955.97
51114,1138,38195.94
51114,1002,-38195.94
51115,1017,38528.87
51115,1164,-38528.87
51116,1050,30021.9
51116,1000,-30021.9
51117,1047,5406.31
51117,1052,-5406.31
51118,1012,35402.04
51118,1163,-35402.04
51119,1246,28186.28
51119,1020,-28186.28
51120,1015,23997.53
51120,1158,-23997.53
51121,1259,13446.09
51121,1015,-13446.09
51122,1034,2321.84
51122,1173,-2321.84
51123,1026,44334.2
51123,1164,-44334.2
51124,1014,11293.21
51124,1182,-11293.21
51125,1226,17730.16
51125,1028,-17730.16
51126,1043,34252.43
51126,1045,-34252.43
51127,1107,5709.19
51127,1007,-5709.19
51128,1018,47827.68
51128,1177,-47827.68
51129,1023,16752.87
51129,1160,-16752.87
51130,1011,30264.87
51130,1027,-30264.87
51131,1276,30020.61
51131,1097,-30020.61
51132,1019,33396.94
51132,1173,-33396.94
51133,1031,5285.74
51133,1178,-5285.74
51134,1045,40554.9
51134,1051,-40554.9
51135,1009,208.72
51135,1164,-208.72
51136,1046,19590.92
51136,1185,-19590.92
51137,1124,5746.89
51137,1046,-5746.89
51138,1008,4613.31
51138,1166,-4613.31
51139,1128,17695.18
51139,1027,-17695.18
51140,1267,48645.16
51140,1124,-48645.16
51141,1041,40126.83
51141,1170,-40126.83
51142,1258,27512.03
51142,1111,-27512.03
51143,1219,26857.01
51143,1049,-26857.01
51144,1033,35774.56
51144,1169,-35774.56
51145,1097,11836.13
51145,1013,-11836.13
51146,1035,956.02
51146,1030,-956.02
51147,1003,46053.11
51147,1022,-46053.11
51148,1207,42481.52
51148,1037,-42481.52
51149,1260,41779.09
51149,1053,-41779.09
51150,1003,41408.31
51150,1163,-41408.31
51151,1009,34819.46
51151,1179,-34819.46
51152,1124,34836.51
51152,1023,-34836.51
51153,1037,5389.89
51153,1159,-5389.89
51154,1210,29736.89
51154,1003,-29736.89
51155,1015,7149.75
51155,1159,-7149.75
51156,1026,41570.29
51156,1164,-41570.29
51157,1105,23541.26
51157,1047,-23541.26
51158,1250,47443.41
51158,1052,-47443.41
51159,1138,22254.28
51159,1044,-22254.28
51160,1003,5652.21
51160,1157,-5652.21
51161,1210,8761.65
51161,1001,-8761.65
51162,1248,21238.68
51162,1113,-21238.68
51163,1133,12976.91
51163,1032,-12976.91
51164,1010,11443.01
51164,1172,-11443.01
51165,1008,26122.9
51165,1047,-26122.9
51166,1014,30990.28
51166,1180,-30990.28
51167,1035,37325.19
51167,1159,-37325.19
51168,1117,23474.96
51168,1041,-23474.96
51169,1211,41379.96
51169,1006,-41379.96
51170,1109,32367.7
51170,1017,-32367.7
51171,1038,3982.65
51171,1176,-3982.65
51172,1034,14182.13
51172,1161,-14182.13
51173,1048,29895.83
51173,1174,-29895.83
51174,1002,10166.12
51174,1170,-10166.12
51175,1036,48835.49
51175,1157,-48835.49
51176,1195,39532.26
51176,1006,-39532.26
51177,1000,47181.11
51177,1177,-47181.11
51178,1129,47941.08
51178,1012,-47941.08
51179,1022,19593.0
51179,1163,-19593.0
51180,1123,4959.25
51180,1047,-4959.25
51181,1209,25158.64
51181,1003,-25158.64
51182,1265,19167.38
51182,1004,-19167.38
51183,1029,7661.74
51183,1160,-7661.74
51184,1045,4755.21
51184,1014,-4755.21
51185,1041,40393.05
51185,1009,-40393.05
51186,1129,8136.25
51186,1033,-8136.25
51187,1033,30476.07
51187,1049,-30476.07
51188,1021,39289.06
51188,1173,-39289.06
51189,1245,42812.03
51189,1005,-42812.03
51190,1024,38731.33
51190,1015,-38731.33
51191,1004,30558.32
51191,1164,-30558.32
51192,1202,49720.79
51192,1001,-49720.79
51193,1035,43535.83
51193,1160,-43535.83
51194,1211,22794.91
51194,1037,-22794.91
51195,1023,14077.85
51195,1177,-14077.85
51196,1049,9041.39
51196,1184,-9041.39
51197,1016,23715.72
51197,1183,-23715.72
51198,1205,7108.32
51198,1115,-7108.32
51199,1226,18237.26
51199,1051,-18237.26
51200,1277,31022.21
51200,1016,-31022.21
51201,1269,25672.71
51201,1040,-25672.71
51202,1254,34141.82
51202,1100,-34141.82
51203,1043,43789.27
51203,1157,-43789.27
51204,1221,32228.95
51204,1132,-32228.95
51205,1103,496.35
51205,1018,-496.35
51206,1199,28549.67
51206,1028,-28549.67
51207,1201,23167.7
51207,1044,-23167.7
51208,1249,32159.98
51208,1013,-32159.98
51209,1025,36615.73
51209,1182,-36615.73
51210,1020,16503.16
51210,1176,-16503.16
51211,1044,24366.12
51211,1047,-24366.12
51212,1194,13990.92
51212,1112,-13990.92
51213,1040,23551.38
51213,1168,-23551.38
51214,1038,1663.03
51214,1179,-1663.03
51215,1050,40445.83
51215,1182,-40445.83
51216,1013,10749.7
51216,1001,-10749.7
51217,1017,34215.2
51217,1016,-34215.2
51218,1198,4271.21
51218,1035,-4271.21
51219,1247,14987.01
51219,1053,-14987.01
51220,1223,33515.26
51220,1023,-33515.26
51221,1124,4712.82
51221,1021,-4712.82
51222,1012,14915.56
51222,1022,-14915.56
51223,1034,24133.1
51223,1044,-24133.1
51224,1124,48282.93
51224,1022,-48282.93
51225,1052,28558.81
51225,1000,-28558.81
51226,1215,44699.59
51226,1009,-44699.59
51227,1106,28966.62
51227,1020,-28966.62
51228,1230,41192.84
51228,1001,-41192.84
51229,1009,22987.09
51229,1186,-22987.09
51230,1043,5768.98
51230,1026,-5768.98
51231,1028,36142.07
51231,1163,-36142.07
51232,1264,31981.93
51232,1012,-31981.93
51233,1012,37310.81
51233,1181,-37310.81
51234,1266,38741.78
51234,1048,-38741.78
51235,1012,10567.18
51235,1155,-10567.18
51236,1228,18253.34
51236,1039,-18253.34
51237,1279,43401.13
51237,1106,-43401.13
51238,1242,22854.27
51238,1045,-22854.27
51239,1256,27169.1
51239,1140,-27169.1
51240,1029,46324.81
51240,1182,-46324.81
51241,1210,27682.4
51241,1112,-27682.4
51242,1274,14322.89
51242,1131,-14322.89
51243,1279,31741.95
51243,1122,-31741.95
51244,1006,45303.55
51244,1005,-45303.55
51245,1138,5280.22
51245,1001,-5280.22
51246,1253,20622.86
51246,1138,-20622.86
51247,1103,46368.72
51247,1040,-46368.72
51248,1194,29103.56
51248,1128,-29103.56
51249,1014,21089.98
51249,1184,-21089.98
51250,1250,5813.61
51250,1015,-5813.61
51251,1249,39708.19
51251,1052,-39708.19
51252,1050,32278.48
51252,1047,-32278.48
51253,1218,46986.88
51253,1107,-46986.88
51254,1016,43992.4
51254,1174,-43992.4
51255,1123,39777.4
51255,1043,-39777.4
51256,1026,45019.34
51256,1157,-45019.34
51257,1023,7753.43
51257,1188,-7753.43
51258,1118,30037.29
51258,1010,-30037.29
51259,1015,49642.17
51259,1035,-49642.17
51260,1041,9713.75
51260,1025,-9713.75
51261,1133,40086.45
51261,1027,-40086.45
51262,1046,31850.05
51262,1166,-31850.05
51263,1210,15974.43
51263,1098,-15974.43
51264,1008,35530.24
51264,1187,-35530.24
51265,1025,28888.99
51265,1171,-28888.99
51266,1117,8036.75
51266,1013,-8036.75
51267,1000,1379.45
51267,1164,-1379.45
51268,1005,35408.04
51268,1179,-35408.04
51269,1029,36735.04
51269,1177,-36735.04
51270,1014,32660.88
51270,1174,-32660.88
51271,1046,42038.79
51271,1179,-42038.79
51272,1114,32996.96
51272,1005,-32996.96
51273,1040,31409.16
51273,1037,-31409.16
51274,1038,5635.48
51274,1007,-5635.48
51275,1011,14194.91
51275,1160,-14194.91
51276,1053,42246.72
51276,1168,-42246.72
51277,1192,24602.74
51277,1052,-24602.74
51278,1004,47964.94
51278,1168,-47964.94
51279,1230,18825.19
51279,1124,-18825.19
51280,1011,40446.6
51280,1019,-40446.6
51281,1036,9015.99
51281,1157,-9015.99
51282,1022,17206.24
51282,1185,-17206.24
51283,1000,30039.64
51283,1010,-30039.64
51284,1205,12799.6
51284,1024,-12799.6
51285,1256,26844.11
51285,1108,-26844.11
51286,1120,10893.7
51286,1007,-10893.7
51287,1008,1571.93
51287,1014,-1571.93
51288,1008,34610.93
51288,1172,-34610.93
51289,1005,10041.95
51289,1177,-10041.95
51290,1126,32631.03
51290,1047,-32631.03
51291,1122,21859.49
51291,1012,-21859.49
51292,1045,9974.03
51292,1172,-9974.03
51293,1050,5234.44
51293,1049,-5234.44
51294,1216,8366.09
51294,1135,-8366.09
51295,1244,44154.58
51295,1119,-44154.58
51296,1136,40813.02
51296,1006,-40813.02
51297,1262,21522.72
51297,1045,-21522.72
51298,1198,31671.65
51298,1100,-31671.65
51299,1032,1784.62
51299,1171,-1784.62
51300,1272,14744.33
51300,1110,-14744.33
51301,1213,1594.0
51301,1041,-1594.0
51302,1221,9377.15
51302,1009,-9377.15
51303,1009,18645.85
51303,1175,-18645.85
51304,1000,15997.6
51304,1176,-15997.6
51305,1020,28416.72
51305,1169,-28416.72
51306,1267,19340.99
51306,1027,-19340.99
51307,1225,5235.72
51307,1134,-5235.72
51308,1275,44179.67
51308,1009,-44179.67
51309,1277,32348.88
51309,1139,-32348.88
51310,1215,40688.38
51310,1025,-40688.38
51311,1002,24747.32
51311,1172,-24747.32
51312,1211,6292.22
51312,1119,-6292.22
51313,1036,19204.59
51313,1156,-19204.59
51314,1036,32218.96
51314,1155,-32218.96
51315,1053,14289.85
51315,1025,-14289.85
51316,1033,26720.0
51316,1157,-26720.0
51317,1030,911.99
51317,1161,-911.99
51318,1116,20812.44
51318,1017,-20812.44
51319,1005,17356.64
51319,1175,-17356.64
51320,1228,2448.93
51320,1132,-2448.93
51321,1041,24717.5
51321,1007,-24717.5
51322,1103,46891.42
51322,1001,-46891.42
51323,1008,41290.28
51323,1161,-41290.28
51324,1046,43083.3
51324,1027,-43083.3
51325,1046,4492.03
51325,1178,-4492.03
51326,1097,26924.16
51326,1044,-26924.16
51327,1050,13058.42
51327,1002,-13058.42
51328,1004,47362.53
51328,1171,-47362.53
51329,1051,30676.26
51329,1179,-30676.26
51330,1008,8599.9
51330,1184,-8599.9
51331,1009,16034.7
51331,1181,-16034.7
51332,1256,33444.94
51332,1110,-33444.94
51333,1031,23948.55
51333,1172,-23948.55
51334,1014,36570.14
51334,1160,-36570.14
51335,1005,14882.09
51335,1177,-14882.09
51336,1274,43656.33
51336,1125,-43656.33
51337,1101,10373.97
51337,1004,-10373.97
51338,1000,3107.32
51338,1042,-3107.32
51339,1012,40943.72
51339,1186,-40943.72
51340,1037,10512.21
51340,1188,-10512.21
51341,1229,15736.62
51341,1133,-15736.62
51342,1254,7784.55
51342,1013,-7784.55
51343,1023,11017.36
51343,1024,-11017.36
51344,1032,43406.15
51344,1012,-43406.15
51345,1114,9478.88
51345,1027,-9478.88
51346,1036,15426.62
51346,1161,-15426.62
51347,1047,43822.19
51347,1162,-43822.19
51348,1011,44715.49
51348,1172,-44715.49
51349,1028,33128.09
51349,1177,-33128.09
51350,1005,46353.69
51350,1177,-46353.69
51351,1254,7615.94
51351,1098,-7615.94
51352,1224,2752.54
51352,1047,-2752.54
51353,1046,32466.23
51353,1182,-32466.23
51354,1011,9553.54
51354,1172,-9553.54
51355,1245,24731.45
51355,1013,-24731.45
51356,1204,32352.61
51356,1028,-32352.61
51357,1036,44763.42
51357,1172,-44763.42
51358,1017,26653.37
51358,1169,-26653.37
51359,1025,35005.66
51359,1025,-35005.66
51360,1278,11072.43
51360,1034,-11072.43
51361,1216,8634.35
51361,1044,-8634.35
51362,1226,35322.08
51362,1136,-35322.08
51363,1044,9335.43
51363,1185,-9335.43
51364,1112,42642.94
51364,1010,-42642.94
51365,1011,3565.79
51365,1176,-3565.79
51366,1000,7177.5
51366,1042,-7177.5
51367,1212,16769.3
51367,1033,-16769.3
51368,1048,8619.18
51368,1000,-8619.18
51369,1264,48480.12
51369,1000,-48480.12
51370,1204,12450.77
51370,1005,-12450.77
51371,1115,28406.61
51371,1053,-28406.61
51372,1048,25207.01
51372,1164,-25207.01
51373,1118,5089.62
51373,1028,-5089.62
51374,1259,17603.97
51374,1032,-17603.97
51375,1248,12751.49
51375,1001,-12751.49
51376,1118,15126.59
51376,1033,-15126.59
51377,1135,42862.11
51377,1030,-42862.11
51378,1046,34320.63
51378,1156,-34320.63
51379,1014,20574.92
51379,1164,-20574.92
51380,1263,1642.14
51380,1137,-1642.14
51381,1216,21592.95
51381,1138,-21592.95
51382,1024,46040.3
51382,1161,-46040.3
51383,1043,43869.49
51383,1034,-43869.49
51384,1033,22518.54
51384,1011,-22518.54
51385,1021,33985.41
51385,1180,-33985.41
51386,1225,47268.8
51386,1039,-47268.8
51387,1044,29017.89
51387,1176,-29017.89
51388,1126,6235.77
51388,1036,-6235.77
51389,1018,39637.79
51389,1007,-39637.79
51390,1043,24996.46
51390,1009,-24996.46
51391,1227,7596.36
51391,1122,-7596.36
51392,1252,8214.08
51392,1036,-8214.08
51393,1029,14806.86
51393,1157,-14806.86
51394,1007,41290.98
51394,1158,-41290.98
51395,1235,354.0
51395,1127,-354.0
51396,1105,2590.11
51396,1022,-2590.11
51397,1032,39284.64
51397,1042,-39284.64
51398,1005,28081.38
51398,1045,-28081.38
51399,1012,49796.12
51399,1182,-49796.12
51400,1218,4127.83
51400,1004,-4127.83
51401,1276,17796.15
51401,1124,-17796.15
51402,1202,20015.77
51402,1033,-20015.77
51403,1011,29892.24
51403,1036,-29892.24
51404,1264,43809.03
51404,1017,-43809.03
51405,1207,10055.38
51405,1053,-10055.38
51406,1200,15123.01
51406,1038,-15123.01
51407,1259,31453.11
51407,1023,-31453.11
51408,1245,43808.48
51408,1012,-43808.48
51409,1020,22150.88
51409,1187,-22150.88
51410,1029,35658.67
51410,1022,-35658.67
51411,1242,21083.23
51411,1102,-21083.23
51412,1049,27989.56
51412,1181,-27989.56
51413,1019,7115.22
51413,1170,-7115.22
51414,1269,18718.25
51414,1112,-18718.25
51415,1003,43902.48
51415,1048,-43902.48
51416,1139,6384.2
51416,1000,-6384.2
51417,1256,38173.48
51417,1101,-38173.48
51418,1114,4324.49
51418,1053,-4324.49
51419,1038,5441.74
51419,1006,-5441.74
51420,1118,28315.63
51420,1003,-28315.63
51421,1032,29272.41
51421,1158,-29272.41
51422,1132,25861.58
51422,1047,-25861.58
51423,1043,6906.5
51423,1040,-6906.5
51424,1019,15114.52
51424,1046,-15114.52
51425,1031,421.89
51425,1039,-421.89
51426,1190,5823.97
51426,1019,-5823.97
51427,1202,6139.62
51427,1031,-6139.62
51428,1053,23739.75
51428,1187,-23739.75
51429,1205,2877.09
51429,1038,-2877.09
51430,1220,49136.54
51430,1112,-49136.54
51431,1028,30676.73
51431,1162,-30676.73
51432,1213,31846.24
51432,1018,-31846.24
51433,1107,32907.52
51433,1032,-32907.52
51434,1127,27379.38
51434,1030,-27379.38
51435,1037,33410.02
51435,1186,-33410.02
51436,1239,13831.55
51436,1132,-13831.55
51437,1124,23251.79
51437,1009,-23251.79
51438,1036,22908.41
51438,1179,-22908.41
51439,1041,15207.8
51439,1183,-15207.8
51440,1008,45362.22
51440,1184,-45362.22
51441,1000,22971.67
51441,1010,-22971.67
51442,1254,42806.39
51442,1026,-42806.39
51443,1024,35340.61
51443,1187,-35340.61
51444,1022,32830.37
51444,1176,-32830.37
51445,1207,42947.33
51445,1035,-42947.33
51446,1122,32956.35
51446,1004,-32956.35
51447,1024,32292.19
51447,1030,-32292.19
51448,1280,9100.69
51448,1107,-9100.69
51449,1105,26319.15
51449,1044,-26319.15
51450,1022,47764.21
51450,1180,-47764.21
51451,1046,1573.14
51451,1165,-1573.14
51452,1031,33296.52
51452,1185,-33296.52
51453,1049,11653.58
51453,1170,-11653.58
51454,1046,44049.7
51454,1179,-44049.7
51455,1101,21060.8
51455,1003,-21060.8
51456,1199,5812.24
51456,1099,-5812.24
51457,1098,30366.01
51457,1011,-30366.01
51458,1024,34966.41
51458,1163,-34966.41
51459,1012,28731.61
51459,1012,-28731.61
51460,1018,21931.99
51460,1169,-21931.99
51461,1052,8188.27
51461,1188,-8188.27
51462,1134,9695.56
51462,1001,-9695.56
51463,1216,33466.05
51463,1004,-33466.05
51464,1120,44675.22
51464,1049,-44675.22
51465,1199,27374.38
51465,1043,-27374.38
51466,1046,36525.86
51466,1188,-36525.86
51467,1263,41636.91
51467,1103,-41636.91
51468,1261,17888.61
51468,1017,-17888.61
51469,1137,22000.02
51469,1024,-22000.02
51470,1008,28500.71
51470,1050,-28500.71
51471,1253,5135.56
51471,1029,-5135.56
51472,1001,27072.85
51472,1169,-27072.85
51473,1113,14565.83
51473,1024,-14565.83
51474,1107,3490.85
51474,1018,-3490.85
51475,1033,28810.26
51475,1187,-28810.26
51476,1034,30970.38
51476,1162,-30970.38
51477,1223,46852.65
51477,1126,-46852.65
51478,1016,16968.46
51478,1167,-16968.46
51479,1008,38260.32
51479,1168,-38260.32
51480,1274,36720.25
51480,1007,-36720.25
51481,1036,3738.3
51481,1157,-3738.3
51482,1026,3631.08
51482,1160,-3631.08
51483,1008,23990.7
51483,1017,-23990.7
51484,1128,5292.65
51484,1032,-5292.65
51485,1030,17577.86
51485,1174,-17577.86
51486,1111,43834.85
51486,1001,-43834.85
51487,1050,1415.06
51487,1051,-1415.06
51488,1024,30446.13
51488,1156,-30446.13
51489,1238,2701.81
51489,1132,-2701.81
51490,1035,35096.76
51490,1163,-35096.76
51491,1039,5987.83
51491,1178,-5987.83
51492,1197,17221.97
51492,1030,-17221.97
51493,1014,29472.01
51493,1181,-29472.01
51494,1131,44427.93
51494,1036,-44427.93
51495,1046,40108.18
51495,1170,-40108.18
51496,1105,3922.92
51496,1028,-3922.92
51497,1022,2281.6
51497,1170,-2281.6
51498,1025,6572.84
51498,1030,-6572.84
51499,1199,32863.86
51499,1032,-32863.86
51500,1045,10372.46
51500,1047,-10372.46
51501,1111,44892.24
51501,1028,-44892.24
51502,1132,47077.21
51502,1018,-47077.21
51503,1017,12285.87
51503,1020,-12285.87
51504,1196,25221.93
51504,1044,-25221.93
51505,1039,35304.53
51505,1031,-35304.53
51506,1008,10257.39
51506,1188,-10257.39
51507,1013,37121.24
51507,1162,-37121.24
51508,1208,40837.35
51508,1004,-40837.35
51509,1041,34947.26
51509,1048,-34947.26
51510,1253,5800.51
51510,1004,-5800.51
51511,1019,29453.18
51511,1160,-29453.18
51512,1024,42743.25
51512,1186,-42743.25
51513,1028,19191.15
51513,1157,-19191.15
51514,1042,19028.42
51514,1182,-19028.42
51515,1194,33054.08
51515,1112,-33054.08
51516,1135,46867.47
51516,1048,-46867.47
51517,1016,46142.66
51517,1051,-46142.66
51518,1098,10905.55
51518,1021,-10905.55
51519,1124,31114.37
51519,1050,-31114.37
51520,1100,36797.18
51520,1051,-36797.18
51521,1046,19466.72
51521,1173,-19466.72
51522,1029,46905.01
51522,1027,-46905.01
51523,1256,28458.32
51523,1033,-28458.32
51524,1047,19126.42
51524,1170,-19126.42
51525,1051,857.65
51525,1172,-857.65
51526,1034,12571.64
51526,1173,-12571.64
51527,1039,19790.6
51527,1172,-19790.6
51528,1273,32995.57
51528,1120,-32995.57
51529,1042,15414.07
51529,1175,-15414.07
51530,1125,42394.87
51530,1029,-42394.87
51531,1002,542.65
51531,1177,-542.65
51532,1217,42231.83
51532,1052,-42231.83
51533,1017,46947.83
51533,1175,-46947.83
51534,1016,22077.93
51534,1049,-22077.93
51535,1128,13051.09
51535,1008,-13051.09
51536,1039,8807.32
51536,1158,-8807.32
51537,1011,32764.58
51537,1187,-32764.58
51538,1002,29036.55
51538,1035,-29036.55
51539,1113,3134.56
51539,1016,-3134.56
51540,1022,42262.05
51540,1189,-42262.05
51541,1119,30068.88
51541,1006,-30068.88
51542,1032,22246.25
51542,1159,-22246.25
51543,1023,16356.87
51543,1181,-16356.87
51544,1018,21381.12
51544,1164,-21381.12
51545,1023,30387.64
51545,1176,-30387.64
51546,1023,44879.87
51546,1030,-44879.87
51547,1001,14773.75
51547,1010,-14773.75
51548,1209,14614.54
51548,1118,-14614.54
51549,1051,30491.0
51549,1175,-30491.0
51550,1255,39065.6
51550,1117,-39065.6
51551,1121,47003.0
51551,1053,-47003.0
51552,1209,32887.26
51552,1048,-32887.26
51553,1101,32495.68
51553,1014,-32495.68
51554,1270,49890.87
51554,1113,-49890.87
51555,1104,26994.47
51555,1033,-26994.47
51556,1139,30394.39
51556,1033,-30394.39
51557,1214,15915.27
51557,1116,-15915.27
51558,1015,12277.05
51558,1178,-12277.05
51559,1007,15809.34
51559,1170,-15809.34
51560,1242,47884.67
51560,1046,-47884.67
51561,1004,28066.81
51561,1178,-28066.81
51562,1247,30300.41
51562,1053,-30300.41
51563,1008,41408.27
51563,1189,-41408.27
51564,1043,45472.36
51564,1163,-45472.36
51565,1233,39813.21
51565,1040,-39813.21
51566,1032,20484.29
51566,1164,-20484.29
51567,1215,31668.23
51567,1023,-31668.23
51568,1007,874.06
51568,1026,-874.06
51569,1030,27773.48
51569,1161,-27773.48
51570,1027,1800.38
51570,1156,-1800.38
51571,1206,49497.68
51571,1108,-49497.68
51572,1027,45939.29
51572,1022,-45939.29
51573,1015,34876.74
51573,1173,-34876.74
51574,1021,44881.57
51574,1161,-44881.57
51575,1047,2357.36
51575,1022,-2357.36
51576,1040,45542.64
51576,1028,-45542.64
51577,1127,21840.94
51577,1044,-21840.94
51578,1049,9254.19
51578,1187,-9254.19
51579,1037,44790.4
51579,1178,-44790.4
51580,1231,22731.01
51580,1099,-22731.01
51581,1017,36154.41
51581,1161,-36154.41
51582,1003,24715.34
51582,1188,-24715.34
51583,1027,29033.43
51583,1018,-29033.43
51584,1011,15997.06
51584,1164,-15997.06
51585,1046,47258.13
51585,1168,-47258.13
51586,1268,13984.99
51586,1040,-13984.99
51587,1007,14311.07
51587,1173,-14311.07
51588,1010,22001.95
51588,1173,-22001.95
51589,1038,13045.51
51589,1048,-13045.51
51590,1017,11660.56
51590,1164,-11660.56
51591,1032,27652.96
51591,1165,-27652.96
51592,1034,45136.81
51592,1189,-45136.81
51593,1098,432.59
51593,1023,-432.59
51594,1036,47096.12
51594,1182,-47096.12
51595,1126,26092.61
51595,1018,-26092.61
51596,1007,35840.92
51596,1028,-35840.92
51597,1005,24713.45
51597,1008,-24713.45
51598,1007,36608.52
51598,1022,-36608.52
51599,1111,37239.45
51599,1046,-37239.45
51600,1021,7920.69
51600,1172,-7920.69
51601,1276,36802.54
51601,1009,-36802.54
51602,1099,15809.02
51602,1027,-15809.02
51603,1033,35284.67
51603,1175,-35284.67
51604,1053,27952.7
51604,1157,-27952.7
51605,1015,31401.52
51605,1008,-31401.52
51606,1218,43618.53
51606,1129,-43618.53
51607,1031,23558.76
51607,1166,-23558.76
51608,1109,14201.72
51608,1040,-14201.72
51609,1046,47546.55
51609,1047,-47546.55
51610,1031,21772.51
51610,1168,-21772.51
51611,1113,2036.76
51611,1039,-2036.76
51612,1271,29236.56
51612,1044,-29236.56
51613,1213,32881.35
51613,1038,-32881.35
51614,1139,43764.45
51614,1031,-43764.45
51615,1266,31538.37
51615,1045,-31538.37
51616,1218,14841.32
51616,1014,-14841.32
51617,1048,44851.24
51617,1018,-44851.24
51618,1221,22413.93
51618,1127,-22413.93
51619,1230,8892.1
51619,1127,-8892.1
51620,1045,34878.73
51620,1163,-34878.73
51621,1128,24238.56
51621,1038,-24238.56
51622,1227,11819.52
51622,1034,-11819.52
51623,1242,44501.55
51623,1007,-44501.55
51624,1276,16227.28
51624,1040,-16227.28
51625,1244,40470.62
51625,1051,-40470.62
51626,1031,2826.2
51626,1169,-2826.2
51627,1019,40944.38
51627,1183,-40944.38
51628,1211,28668.03
51628,1111,-28668.03
51629,1039,31301.8
51629,1176,-31301.8
51630,1046,27034.39
51630,1156,-27034.39
51631,1118,4603.61
51631,1022,-4603.61
51632,1138,27689.42
51632,1003,-27689.42
51633,1215,18168.68
51633,1020,-18168.68
51634,1111,19836.76
51634,1018,-19836.76
51635,1118,45541.62
51635,1026,-45541.62
51636,1000,36693.38
51636,1157,-36693.38
51637,1130,37780.58
51637,1006,-37780.58
51638,1195,39588.04
51638,1020,-39588.04
51639,1040,1309.79
51639,1170,-1309.79
51640,1052,37520.78
51640,1179,-37520.78
51641,1224,6646.54
51641,1010,-6646.54
51642,1045,25275.03
51642,1181,-25275.03
51643,1034,37158.33
51643,1164,-37158.33
51644,1025,29450.97
51644,1167,-29450.97
51645,1117,42979.22
51645,1027,-42979.22
51646,1225,1269.25
51646,1101,-1269.25
51647,1041,13287.07
51647,1185,-13287.07
51648,1218,21533.78
51648,1052,-21533.78
51649,1279,24219.14
51649,1111,-24219.14
51650,1253,19182.18
51650,1136,-19182.18
51651,1259,18699.61
51651,1134,-18699.61
51652,1001,11280.64
51652,1180,-11280.64
51653,1127,22409.56
51653,1036,-22409.56
51654,1009,15599.43
51654,1160,-15599.43
51655,1031,8545.86
51655,1170,-8545.86
51656,1053,20219.43
51656,1185,-20219.43
51657,1219,41998.54
51657,1007,-41998.54
51658,1116,12675.99
51658,1047,-12675.99
51659,1020,7615.54
51659,1181,-7615.54
51660,1013,13480.43
51660,1048,-13480.43
51661,1253,24487.47
51661,1040,-24487.47
51662,1029,11863.39
51662,1045,-11863.39
51663,1200,27784.88
51663,1013,-27784.88
51664,1206,3967.47
51664,1139,-3967.47
51665,1007,26044.96
51665,1165,-26044.96
51666,1007,43500.48
51666,1157,-43500.48
51667,1040,24809.71
51667,1051,-24809.71
51668,1260,7079.28
51668,1053,-7079.28
51669,1245,14907.88
51669,1037,-14907.88
51670,1114,44023.29
51670,1033,-44023.29
51671,1036,44488.3
51671,1165,-44488.3
51672,1013,26210.24
51672,1178,-26210.24
51673,1249,12636.84
51673,1026,-12636.84
51674,1046,46361.27
51674,1008,-46361.27
51675,1030,35782.56
51675,1155,-35782.56
51676,1030,9043.37
51676,1159,-9043.37
51677,1044,379.56
51677,1012,-379.56
51678,1029,4783.01
51678,1176,-4783.01
51679,1038,31286.14
51679,1165,-31286.14
51680,1014,31853.54
51680,1177,-31853.54
51681,1225,46401.19
51681,1036,-46401.19
51682,1134,43417.85
51682,1046,-43417.85
51683,1025,31262.6
51683,1171,-31262.6
51684,1215,32115.81
51684,1009,-32115.81
51685,1217,5238.52
51685,1035,-5238.52
51686,1008,28226.62
51686,1188,-28226.62
51687,1232,38326.11
51687,1116,-38326.11
51688,1114,29649.28
51688,1051,-29649.28
51689,1127,30832.77
51689,1013,-30832.77
51690,1013,39189.91
51690,1160,-39189.91
51691,1009,30784.69
51691,1010,-30784.69
51692,1199,112.32
51692,1006,-112.32
51693,1027,40381.0
51693,1185,-40381.0
51694,1007,25068.72
51694,1170,-25068.72
51695,1239,18927.75
51695,1133,-18927.75
51696,1256,15656.92
51696,1040,-15656.92
51697,1217,44175.95
51697,1021,-44175.95
51698,1045,41696.89
51698,1009,-41696.89
51699,1128,28068.24
51699,1044,-28068.24
51700,1132,34299.84
51700,1027,-34299.84
51701,1236,8982.82
51701,1102,-8982.82
51702,1124,17364.98
51702,1013,-17364.98
51703,1214,43827.11
51703,1048,-43827.11
51704,1191,46666.3
51704,1025,-46666.3
51705,1190,26347.53
51705,1118,-26347.53
51706,1023,4796.01
51706,1171,-4796.01
51707,1224,748.43
51707,1004,-748.43
51708,1240,32119.54
51708,1005,-32119.54
51709,1017,35242.8
51709,1040,-35242.8
51710,1001,28651.83
51710,1185,-28651.83
51711,1031,31648.78
51711,1011,-31648.78
51712,1259,43759.35
51712,1013,-43759.35
51713,1045,1538.96
51713,1164,-1538.96
51714,1105,8927.69
51714,1005,-8927.69
51715,1197,42305.58
51715,1099,-42305.58
51716,1202,3210.04
51716,1112,-3210.04
51717,1041,42643.54
51717,1156,-42643.54
51718,1020,33632.35
51718,1165,-33632.35
51719,1023,29383.69
51719,1033,-29383.69
51720,1026,33258.32
51720,1158,-33258.32
51721,1032,41269.87
51721,1164,-41269.87
51722,1125,4290.04
51722,1002,-4290.04
51723,1032,10014.3
51723,1181,-10014.3
51724,1053,37366.74
51724,1155,-37366.74
51725,1007,28071.91
51725,1176,-28071.91
51726,1201,41821.67
51726,1115,-41821.67
51727,1005,4499.28
51727,1011,-4499.28
51728,1134,9364.38
51728,1040,-9364.38
51729,1050,38359.46
51729,1000,-38359.46
51730,1005,18789.02
51730,1170,-18789.02
51731,1012,34076.44
51731,1163,-34076.44
51732,1018,19027.59
51732,1166,-19027.59
51733,1026,28295.49
51733,1169,-28295.49
51734,1109,13712.69
51734,1011,-13712.69
51735,1028,13041.77
51735,1016,-13041.77
51736,1023,17822.14
51736,1177,-17822.14
51737,1137,26199.83
51737,1043,-26199.83
51738,1134,1932.88
51738,1024,-1932.88
51739,1044,28478.69
51739,1182,-28478.69
51740,1050,40564.33
51740,1173,-40564.33
51741,1032,35012.73
51741,1172,-35012.73
51742,1016,38693.11
51742,1168,-38693.11
51743,1204,1669.26
51743,1109,-1669.26
51744,1207,9402.63
51744,1102,-9402.63
51745,1238,18676.91
51745,1127,-18676.91
51746,1279,1789.1
51746,1013,-1789.1
51747,1191,43479.52
51747,1020,-43479.52
51748,1272,16802.15
51748,1012,-16802.15
51749,1010,17964.43
51749,1184,-17964.43
51750,1246,37627.05
51750,1121,-37627.05
51751,1245,28840.66
51751,1136,-28840.66
51752,1222,41721.41
51752,1135,-41721.41
51753,1276,16960.13
51753,1051,-16960.13
51754,1014,48541.21
51754,1187,-48541.21
51755,1017,21352.12
51755,1180,-21352.12
51756,1211,8284.9
51756,1038,-8284.9
51757,1033,48265.26
51757,1012,-48265.26
51758,1008,28442.61
51758,1008,-28442.61
51759,1196,39449.61
51759,1011,-39449.61
51760,1051,38314.57
51760,1177,-38314.57
51761,1190,8350.57
51761,1127,-8350.57
51762,1019,44159.44
51762,1174,-44159.44
51763,1013,11885.56
51763,1182,-11885.56
51764,1043,12312.15
51764,1178,-12312.15
51765,1006,8050.56
51765,1185,-8050.56
51766,1217,19762.96
51766,1103,-19762.96
51767,1280,41584.21
51767,1031,-41584.21
51768,1105,4881.66
51768,1020,-4881.66
51769,1117,6762.96
51769,1018,-6762.96
51770,1124,36545.57
51770,1038,-36545.57
51771,1252,3675.67
51771,1128,-3675.67
51772,1111,29362.8
51772,1038,-29362.8
51773,1023,11834.36
51773,1176,-11834.36
51774,1266,179.42
51774,1139,-179.42
51775,1219,3955.75
51775,1017,-3955.75
51776,1228,2307.97
51776,1098,-2307.97
51777,1011,19264.92
51777,1182,-19264.92
51778,1043,15623.49
51778,1185,-15623.49
51779,1026,47929.79
51779,1166,-47929.79
51780,1053,34148.75
51780,1161,-34148.75
51781,1277,4223.76
51781,1136,-4223.76
51782,1051,43137.08
51782,1155,-43137.08
51783,1032,6524.1
51783,1179,-6524.1
51784,1273,678.27
51784,1128,-678.27
51785,1228,38590.85
51785,1097,-38590.85
51786,1038,31742.45
51786,1183,-31742.45
51787,1232,39072.08
51787,1111,-39072.08
51788,1011,5672.44
51788,1027,-5672.44
51789,1276,19235.24
51789,1010,-19235.24
51790,1045,16922.07
51790,1171,-16922.07
51791,1046,40660.47
51791,1184,-40660.47
51792,1195,23291.68
51792,1015,-23291.68
51793,1003,23066.51
51793,1038,-23066.51
51794,1233,12691.11
51794,1129,-12691.11
51795,1034,40976.55
51795,1172,-40976.55
51796,1001,17908.58
51796,1183,-17908.58
51797,1038,31835.54
51797,1162,-31835.54
51798,1240,1926.96
51798,1031,-1926.96
51799,1008,26795.76
51799,1164,-26795.76
51800,1225,21611.92
51800,1044,-21611.92
51801,1015,34480.7
51801,1052,-34480.7
51802,1052,46620.09
51802,1033,-46620.09
51803,1231,2127.98
51803,1047,-2127.98
51804,1046,30506.74
51804,1161,-30506.74
51805,1200,49015.3
51805,1043,-49015.3
51806,1027,37488.42
51806,1025,-37488.42
51807,1016,47522.91
51807,1160,-47522.91
51808,1104,21728.42
51808,1050,-21728.42
51809,1019,13122.69
51809,1187,-13122.69
51810,1278,39706.8
51810,1006,-39706.8
51811,1245,23698.63
51811,1035,-23698.63
51812,1114,38937.62
51812,1032,-38937.62
51813,1213,30270.67
51813,1129,-30270.67
51814,1013,352.05
51814,1156,-352.05
51815,1114,32894.92
51815,1017,-32894.92
51816,1271,39533.89
51816,1040,-39533.89
51817,1045,11318.76
51817,1175,-11318.76
51818,1046,30608.18
51818,1184,-30608.18
51819,1232,31775.16
51819,1112,-31775.16
51820,1191,46500.65
51820,1043,-46500.65
51821,1028,17383.68
51821,1164,-17383.68
51822,1216,37154.3
51822,1111,-37154.3
51823,1222,33682.0
51823,1051,-33682.0
51824,1005,42629.35
51824,1186,-42629.35
51825,1216,17330.43
51825,1138,-17330.43
51826,1018,18522.65
51826,1048,-18522.65
51827,1001,33757.62
51827,1164,-33757.62
51828,1235,8420.04
51828,1115,-8420.04
51829,1192,49791.71
51829,1139,-49791.71
51830,1031,27866.33
51830,1015,-27866.33
51831,1238,26925.88
51831,1120,-26925.88
51832,1025,6262.35
51832,1013,-6262.35
51833,1018,5620.58
51833,1166,-5620.58
51834,1047,38367.04
51834,1025,-38367.04
51835,1217,17666.03
51835,1053,-17666.03
51836,1049,14016.1
51836,1023,-14016.1
51837,1277,33245.31
51837,1124,-33245.31
51838,1131,15956.98
51838,1034,-15956.98
51839,1253,42966.92
51839,1139,-42966.92
51840,1247,41324.31
51840,1020,-41324.31
51841,1018,8963.57
51841,1000,-8963.57
51842,1249,16769.34
51842,1126,-16769.34
51843,1024,45373.32
51843,1181,-45373.32
51844,1040,20573.66
51844,1001,-20573.66
51845,1269,7014.74
51845,1107,-7014.74
51846,1046,30018.45
51846,1026,-30018.45
51847,1015,16318.51
51847,1010,-16318.51
51848,1201,23648.49
51848,1047,-23648.49
51849,1050,30107.0
51849,1179,-30107.0
51850,1210,43185.57
51850,1101,-43185.57
51851,1212,43745.04
51851,1103,-43745.04
51852,1020,46077.15
51852,1008,-46077.15
51853,1013,44732.84
51853,1184,-44732.84
51854,1246,34215.19
51854,1030,-34215.19
51855,1129,48642.98
51855,1041,-48642.98
51856,1021,30239.94
51856,1165,-30239.94
51857,1004,36130.11
51857,1155,-36130.11
51858,1123,34132.98
51858,1033,-34132.98
51859,1004,43122.23
51859,1050,-43122.23
51860,1258,13075.46
51860,1015,-13075.46
51861,1131,30388.15
51861,1045,-30388.15
51862,1046,24092.3
51862,1158,-24092.3
51863,1052,19980.0
51863,1157,-19980.0
51864,1255,35859.57
51864,1123,-35859.57
51865,1205,21486.57
51865,1013,-21486.57
51866,1052,13198.71
51866,1162,-13198.71
51867,1139,18386.58
51867,1021,-18386.58
51868,1030,12229.13
51868,1168,-12229.13
51869,1044,16568.28
51869,1159,-16568.28
51870,1221,35483.24
51870,1139,-35483.24
51871,1028,14835.07
51871,1176,-14835.07
51872,1133,35008.13
51872,1017,-35008.13
51873,1208,38090.0
51873,1109,-38090.0
51874,1023,11128.97
51874,1178,-11128.97
51875,1107,15402.47
51875,1036,-15402.47
51876,1246,23816.71
51876,1129,-23816.71
51877,1044,37212.28
51877,1163,-37212.28
51878,1024,14687.41
51878,1171,-14687.41
51879,1217,1497.43
51879,1117,-1497.43
51880,1016,29253.32
51880,1178,-29253.32
51881,1130,37298.32
51881,1025,-37298.32
51882,1234,45010.2
51882,1125,-45010.2
51883,1020,42645.26
51883,1188,-42645.26
51884,1252,43283.89
51884,1125,-43283.89
51885,1011,26309.32
51885,1185,-26309.32
51886,1004,810.21
51886,1021,-810.21
51887,1009,10400.82
51887,1172,-10400.82
51888,1205,36465.21
51888,1126,-36465.21
51889,1036,24989.63
51889,1155,-24989.63
51890,1130,42302.72
51890,1014,-42302.72
51891,1099,18241.66
51891,1025,-18241.66
51892,1254,47606.21
51892,1008,-47606.21
51893,1047,48086.64
51893,1189,-48086.64
51894,1003,48524.82
51894,1028,-48524.82
51895,1222,12473.8
51895,1137,-12473.8
51896,1015,46823.04
51896,1169,-46823.04
51897,1195,22857.7
51897,1120,-22857.7
51898,1047,13946.08
51898,1167,-13946.08
51899,1105,45881.6
51899,1033,-45881.6
51900,1015,10465.83
51900,1185,-10465.83
51901,1196,26892.99
51901,1040,-26892.99
51902,1127,3745.42
51902,1007,-3745.42
51903,1202,23854.19
51903,1112,-23854.19
51904,1228,29954.86
51904,1115,-29954.86
51905,1007,21544.81
51905,1183,-21544.81
51906,1137,9820.46
51906,1039,-9820.46
51907,1113,49612.66
51907,1048,-49612.66
51908,1270,13610.09
51908,1022,-13610.09
51909,1018,24215.65
51909,1174,-24215.65
51910,1021,26656.28
51910,1172,-26656.28
51911,1270,25202.81
51911,1099,-25202.81
51912,1011,37854.95
51912,1186,-37854.95
51913,1032,44679.02
51913,1185,-44679.02
51914,1245,9021.88
51914,1129,-9021.88
51915,1028,46272.24
51915,1176,-46272.24
51916,1213,26975.65
51916,1024,-26975.65
51917,1110,38166.35
51917,1019,-38166.35
51918,1257,16068.79
51918,1103,-16068.79
51919,1039,15073.06
51919,1168,-15073.06
51920,1210,7814.42
51920,1024,-7814.42
51921,1107,39311.98
51921,1039,-39311.98
51922,1256,16351.49
51922,1103,-16351.49
51923,1224,39458.56
51923,1029,-39458.56
51924,1053,23651.89
51924,1019,-23651.89
51925,1235,15381.0
51925,1138,-15381.0
51926,1036,15470.04
51926,1180,-15470.04
51927,1122,383.06
51927,1003,-383.06
51928,1051,17745.24
51928,1008,-17745.24
51929,1001,38375.73
51929,1052,-38375.73
51930,1113,10509.59
51930,1018,-10509.59
51931,1124,1281.58
51931,1050,-1281.58
51932,1215,27947.6
51932,1027,-27947.6
51933,1225,22061.15
51933,1013,-22061.15
51934,1046,8104.86
51934,1185,-8104.86
51935,1002,29687.72
51935,1049,-29687.72
51936,1280,34421.27
51936,1105,-34421.27
51937,1037,49347.77
51937,1179,-49347.77
51938,1021,2900.12
51938,1172,-2900.12
51939,1226,21962.41
51939,1014,-21962.41
51940,1199,44054.4
51940,1041,-44054.4
51941,1052,36649.21
51941,1009,-36649.21
51942,1036,29531.44
51942,1012,-29531.44
51943,1231,21969.23
51943,1116,-21969.23
51944,1261,33068.47
51944,1110,-33068.47
51945,1105,34509.55
51945,1049,-34509.55
51946,1117,43549.19
51946,1023,-43549.19
51947,1013,22347.43
51947,1011,-22347.43
51948,1023,11461.35
51948,1176,-11461.35
51949,1016,48574.79
51949,1171,-48574.79
51950,1207,46640.79
51950,1015,-46640.79
51951,1252,21423.81
51951,1006,-21423.81
51952,1129,3108.29
51952,1023,-3108.29
51953,1002,21916.63
51953,1187,-21916.63
51954,1034,16420.79
51954,1031,-16420.79
51955,1004,16754.25
51955,1159,-16754.25
51956,1204,48713.95
51956,1111,-48713.95
51957,1005,25723.67
51957,1184,-25723.67
51958,1199,49648.19
51958,1130,-49648.19
51959,1247,13915.56
51959,1137,-13915.56
51960,1011,16588.43
51960,1176,-16588.43
51961,1245,39077.53
51961,1002,-39077.53
51962,1269,14761.31
51962,1049,-14761.31
51963,1027,11338.97
51963,1164,-11338.97
51964,1043,11222.21
51964,1175,-11222.21
51965,1215,32715.27
51965,1116,-32715.27
51966,1045,44672.85
51966,1036,-44672.85
51967,1013,38672.3
51967,1174,-38672.3
51968,1038,1408.6
51968,1157,-1408.6
51969,1101,27049.8
51969,1020,-27049.8
51970,1042,46430.43
51970,1013,-46430.43
51971,1017,8248.12
51971,1169,-8248.12
51972,1022,10940.07
51972,1001,-10940.07
51973,1028,44954.09
51973,1162,-44954.09
51974,1125,18818.19
51974,1047,-18818.19
51975,1003,10508.36
51975,1028,-10508.36
51976,1238,10012.02
51976,1118,-10012.02
51977,1108,4733.31
51977,1032,-4733.31
51978,1007,36253.47
51978,1010,-36253.47
51979,1128,6105.88
51979,1047,-6105.88
51980,1230,37509.16
51980,1053,-37509.16
51981,1051,49259.09
51981,1187,-49259.09
51982,1204,12838.7
51982,1101,-12838.7
51983,1026,19063.45
51983,1180,-19063.45
51984,1023,5093.29
51984,1019,-5093.29
51985,1138,21764.03
51985,1019,-21764.03
51986,1041,35090.58
51986,1179,-35090.58
51987,1017,890.92
51987,1046,-890.92
51988,1208,16231.22
51988,1031,-16231.22
51989,1033,562.77
51989,1164,-562.77
51990,1002,23543.65
51990,1158,-23543.65
51991,1274,10570.3
51991,1037,-10570.3
51992,1210,20802.33
51992,1053,-20802.33
51993,1009,46820.95
51993,1166,-46820.95
51994,1210,46255.23
51994,1003,-46255.23
51995,1270,15372.63
51995,1047,-15372.63
51996,1020,13332.55
51996,1001,-13332.55
51997,1127,16645.94
51997,1002,-16645.94
51998,1123,7302.61
51998,1002,-7302.61
51999,1257,38148.86
51999,1021,-38148.86
