transaction,subsidiary
50000,1
50000,5
50001,3
50002,9
50002,2
50003,1
50003,1
50004,4
50005,1
50005,9
50006,9
50007,8
50007,10
50008,1
50009,3
50009,7
50010,3
50010,4
50011,6
50011,2
50011,2
50012,6
50012,6
50013,1
50013,8
50014,7
50014,2
50015,10
50015,6
50016,2
50016,1
50017,5
50017,2
50018,2
50018,7
50018,5
50019,6
50019,3
50020,4
50020,5
50021,2
50021,10
50022,9
50022,4
50023,7
50024,9
50025,6
50026,1
50026,4
50026,1
50027,7
50027,5
50027,2
50028,10
50029,6
50029,4
50029,8
50030,8
50030,3
50031,4
50032,9
50032,5
50033,7
50033,10
50034,4
50034,3
50035,2
50035,1
50036,3
50036,3
50036,7
50037,7
50037,7
50038,8
50038,9
50039,9
50040,1
50040,2
50040,9
50041,6
50041,2
50042,3
50043,5
50043,9
50044,9
50044,2
50045,5
50045,9
50045,10
50046,6
50047,9
50047,9
50048,10
50048,6
50048,8
50049,6
50050,5
50050,4
50050,1
50051,10
50052,2
50052,8
50052,2
50053,9
50053,3
50053,3
50054,9
50054,3
50055,10
50056,4
50056,9
50057,4
50057,5
50058,6
50058,8
50059,8
50059,2
50059,4
50060,6
50061,9
50062,4
50063,1
50064,1
50065,2
50065,9
50065,4
50066,8
50067,3
50068,10
50068,10
50069,8
50069,7
50070,2
50071,6
50071,7
50072,1
50072,2
50073,6
50074,2
50074,4
50074,4
50075,8
50076,3
50077,4
50078,2
50078,8
50078,9
50079,9
50080,2
50080,4
50080,3
50081,8
50081,4
50082,1
50082,3
50082,7
50083,7
50084,8
50085,9
50086,8
50086,3
50087,4
50088,10
50088,9
50088,1
50089,1
50089,1
50090,9
50090,9
50091,9
50092,3
50093,2
50094,4
50094,7
50095,10
50096,10
50097,2
50098,10
50098,10
50099,5
50099,4
50100,6
50100,4
50101,3
50102,5
50102,8
50103,2
50103,1
50104,10
50104,2
50105,4
50106,3
50106,6
50107,4
50107,6
50107,5
50108,9
50109,10
50109,9
50110,9
50111,2
50112,3
50112,5
50112,2
50113,9
50113,3
50113,5
50114,4
50115,4
50115,5
50116,5
50116,1
50117,7
50118,1
50118,1
50118,6
50119,5
50119,3
50120,9
50120,7
50121,2
50121,2
50122,3
50122,9
50122,1
50123,10
50123,9
50123,3
50124,1
50124,5
50125,1
50125,6
50126,4
50127,6
50127,9
50128,7
50128,10
50128,3
50129,4
50129,3
50129,3
50130,1
50130,3
50130,6
50131,7
50131,4
50132,2
50133,1
50133,8
50134,8
50135,4
50135,4
50136,4
50137,5
50137,2
50138,5
50138,6
50138,9
50139,9
50139,6
50140,2
50140,5
50140,3
50141,5
50141,1
50142,7
50143,6
50143,7
50144,9
50144,2
50145,10
50145,4
50146,7
50147,9
50148,4
50148,6
50149,6
50149,10
50150,2
50150,5
50151,7
50151,6
50152,5
50152,9
50153,7
50154,7
50154,3
50155,5
50155,7
50156,1
50156,5
50157,7
50158,10
50158,6
50159,8
50159,4
50160,3
50160,2
50161,10
50162,4
50162,5
50163,4
50164,1
50165,8
50166,2
50166,8
50167,10
50167,4
50168,7
50168,8
50169,3
50169,1
50170,2
50170,7
50170,4
50171,9
50172,9
50172,4
50173,2
50173,8
50173,3
50174,9
50174,9
50174,10
50175,8
50175,10
50176,9
50176,7
50176,9
50177,3
50177,8
50178,4
50178,5
50179,9
50179,8
50180,5
50180,8
50181,5
50182,6
50183,9
50183,2
50184,4
50185,3
50185,4
50186,7
50187,8
50187,7
50188,7
50189,10
50189,1
50190,10
50190,7
50190,8
50191,6
50192,7
50193,7
50193,9
50193,9
50194,4
50194,8
50195,7
50196,7
50196,6
50197,7
50197,3
50198,3
50198,10
50198,9
50199,7
50200,1
50200,2
50201,3
50201,8
50202,5
50203,4
50203,8
50204,7
50204,5
50205,7
50205,5
50206,8
50206,1
50206,9
50207,6
50208,2
50209,1
50209,1
50210,4
50210,1
50210,10
50211,3
50212,2
50212,10
50213,8
50213,5
50213,6
50214,10
50215,2
50215,3
50215,5
50216,1
50217,10
50217,7
50217,7
50218,4
50218,2
50218,10
50219,4
50219,2
50220,5
50220,10
50221,10
50221,1
50221,6
50222,6
50222,2
50223,6
50223,1
50224,8
50224,2
50224,7
50225,8
50225,3
50225,7
50226,9
50227,5
50227,10
50227,9
50228,8
50228,7
50229,10
50229,5
50229,6
50230,2
50230,5
50230,8
50231,8
50232,7
50232,6
50233,6
50234,4
50235,5
50235,6
50236,10
50237,5
50237,9
50238,4
50239,7
50240,4
50240,8
50241,8
50241,8
50242,2
50242,5
50243,4
50244,10
50244,6
50245,9
50245,6
50246,9
50246,6
50247,8
50247,5
50248,4
50248,2
50249,6
50249,2
50250,3
50250,4
50251,8
50252,10
50253,9
50253,10
50253,5
50254,4
50254,5
50254,4
50255,5
50255,1
50256,3
50256,5
50257,1
50258,3
50258,8
50259,1
50260,8
50260,8
50261,3
50261,1
50262,8
50263,2
50264,2
50264,10
50265,1
50265,3
50266,10
50267,2
50267,4
50267,2
50268,7
50268,10
50269,10
50269,4
50270,7
50270,8
50271,5
50271,10
50271,7
50272,10
50272,1
50273,2
50273,4
50274,5
50274,2
50275,3
50276,3
50276,1
50277,10
50277,8
50278,4
50279,5
50280,8
50280,2
50281,5
50281,10
50282,4
50282,7
50283,4
50284,5
50284,3
50285,3
50286,10
50286,10
50287,8
50287,2
50287,8
50288,7
50288,5
50289,8
50289,8
50290,1
50291,6
50291,10
50291,5
50292,4
50293,10
50293,10
50293,1
50294,5
50294,10
50294,1
50295,3
50295,8
50296,8
50296,5
50297,10
50298,8
50298,2
50299,7
50299,6
50300,2
50300,3
50301,8
50301,5
50302,7
50302,9
50303,2
50304,6
50304,2
50305,7
50305,9
50305,1
50306,9
50306,8
50307,4
50307,9
50308,8
50308,8
50309,4
50309,5
50310,5
50310,8
50311,8
50311,2
50311,1
50312,10
50312,4
50312,3
50313,1
50313,9
50314,4
50314,2
50315,2
50315,3
50316,5
50316,9
50317,7
50317,8
50318,4
50318,8
50318,9
50319,4
50320,9
50320,3
50320,2
50321,7
50322,9
50322,5
50323,5
50323,5
50323,10
50324,8
50324,3
50325,8
50325,6
50326,9
50326,7
50327,6
50327,4
50328,4
50328,10
50328,7
50329,7
50330,8
50331,7
50331,7
50332,3
50332,8
50332,1
50333,10
50334,2
50334,8
50335,8
50336,3
50337,3
50337,2
50338,5
50338,6
50339,7
50339,2
50340,9
50340,7
50340,6
50341,8
50341,9
50342,2
50343,5
50344,2
50344,7
50344,2
50345,2
50345,8
50346,5
50347,1
50347,6
50347,1
50348,6
50349,4
50349,9
50350,3
50350,3
50351,10
50352,10
50352,4
50352,8
50353,3
50353,4
50353,8
50354,8
50354,5
50355,8
50355,5
50356,3
50356,2
50357,6
50357,10
50358,7
50359,8
50359,5
50360,7
50361,2
50361,4
50361,7
50362,10
50362,5
50363,5
50363,1
50363,7
50364,10
50365,1
50365,10
50365,8
50366,5
50366,4
50366,10
50367,4
50367,4
50367,10
50368,3
50369,1
50369,5
50370,1
50370,10
50371,3
50371,2
50372,6
50372,7
50372,3
50373,9
50374,6
50374,9
50374,9
50375,3
50375,5
50375,8
50376,5
50376,6
50376,2
50377,2
50377,3
50378,4
50378,7
50379,9
50379,6
50379,2
50380,1
50380,5
50381,8
50381,6
50382,5
50382,10
50383,6
50383,2
50384,8
50384,1
50385,9
50385,6
50386,4
50386,2
50386,8
50387,5
50387,7
50387,2
50388,1
50389,8
50389,2
50390,9
50391,8
50392,9
50392,7
50393,3
50393,7
50394,8
50394,10
50395,5
50395,1
50396,4
50396,8
50397,4
50397,6
50398,6
50399,6
50399,1
50400,4
50400,2
50401,8
50401,2
50401,4
50402,10
50402,1
50403,6
50404,3
50405,4
50405,2
50406,9
50406,4
50406,10
50407,4
50408,3
50408,10
50409,3
50410,9
50410,5
50410,3
50411,1
50412,6
50413,4
50413,10
50414,3
50414,5
50415,7
50416,2
50416,8
50417,6
50417,9
50418,8
50418,9
50419,10
50420,9
50421,1
50421,1
50422,7
50422,7
50422,2
50423,8
50423,2
50424,6
50424,10
50424,3
50425,5
50426,10
50426,9
50427,7
50427,10
50428,8
50428,9
50429,2
50429,2
50430,9
50430,4
50430,7
50431,4
50431,7
50432,8
50432,7
50433,2
50433,6
50434,5
50434,6
50435,8
50435,2
50435,2
50436,2
50436,7
50436,2
50437,6
50437,3
50438,10
50438,9
50439,2
50439,7
50440,7
50440,1
50441,10
50441,5
50441,6
50442,9
50443,8
50444,2
50445,9
50445,6
50446,5
50447,7
50447,9
50448,10
50448,10
50448,9
50449,5
50450,5
50451,5
50451,6
50452,3
50452,3
50453,7
50453,2
50454,1
50455,9
50456,7
50457,3
50457,6
50458,6
50458,10
50459,1
50459,3
50460,10
50461,2
50462,7
50463,8
50463,7
50464,9
50465,7
50466,10
50467,5
50467,1
50468,10
50469,4
50470,4
50470,3
50471,5
50471,6
50472,8
50473,3
50473,3
50474,4
50474,9
50475,6
50475,2
50476,1
50476,7
50477,2
50478,10
50478,7
50478,10
50479,7
50479,5
50480,1
50481,3
50481,10
50481,8
50482,6
50482,2
50482,7
50483,4
50483,7
50483,10
50484,2
50484,7
50485,6
50485,4
50485,6
50486,2
50486,9
50487,9
50487,9
50488,6
50489,3
50489,4
50490,5
50491,10
50492,2
50493,8
50494,10
50494,10
50495,10
50495,10
50496,6
50496,3
50497,8
50497,8
50498,5
50498,10
50499,9
50500,8
50501,1
50501,6
50502,2
50502,2
50502,10
50503,7
50503,8
50504,1
50504,8
50505,10
50505,4
50505,6
50506,9
50506,3
50507,8
50507,2
50507,6
50508,2
50508,9
50508,3
50509,8
50510,9
50510,9
50510,10
50511,6
50512,7
50512,7
50512,6
50513,1
50513,6
50514,2
50515,7
50515,5
50516,10
50517,6
50517,2
50517,10
50518,6
50518,5
50519,7
50519,3
50519,10
50520,2
50520,5
50521,6
50521,3
50522,9
50522,2
50523,7
50523,9
50524,6
50524,5
50525,4
50526,8
50526,4
50527,3
50528,5
50529,2
50529,9
50529,9
50530,9
50530,1
50530,6
50531,10
50531,3
50531,10
50532,3
50532,3
50533,10
50533,3
50533,8
50534,6
50535,4
50535,8
50536,8
50536,4
50537,5
50537,8
50538,4
50538,6
50538,10
50539,8
50539,5
50539,7
50540,7
50540,3
50541,10
50541,3
50541,5
50542,8
50543,9
50543,2
50543,9
50544,5
50544,2
50544,3
50545,9
50546,7
50547,4
50548,6
50548,1
50548,7
50549,9
50550,7
50550,2
50551,1
50551,6
50552,6
50552,3
50552,3
50553,8
50554,3
50554,8
50555,1
50555,2
50556,4
50557,9
50557,10
50557,9
50558,5
50558,4
50559,1
50559,4
50560,10
50560,8
50561,8
50562,1
50562,9
50563,3
50563,5
50564,10
50564,6
50565,7
50566,2
50567,6
50567,2
50568,9
50568,9
50568,9
50569,7
50569,8
50570,7
50571,5
50571,1
50571,6
50572,6
50572,4
50573,2
50573,10
50574,6
50574,3
50575,9
50576,3
50576,8
50577,8
50577,3
50577,3
50578,8
50579,4
50580,4
50581,6
50581,5
50581,9
50582,9
50582,8
50583,4
50584,1
50585,6
50585,5
50585,2
50586,7
50586,7
50587,7
50587,6
50588,8
50588,8
50588,6
50589,9
50589,5
50589,2
50590,2
50590,7
50591,3
50591,9
50592,2
50593,5
50594,10
50594,7
50595,8
50596,1
50596,6
50597,7
50597,5
50598,1
50598,2
50599,7
50599,6
50600,3
50600,1
50601,10
50602,8
50602,1
50603,4
50604,6
50604,6
50605,10
50605,1
50606,8
50606,6
50607,2
50607,10
50608,6
50609,5
50609,4
50610,1
50610,3
50610,8
50611,9
50611,2
50612,5
50613,4
50613,10
50614,8
50615,3
50616,8
50616,3
50616,8
50617,6
50617,6
50617,2
50618,5
50618,5
50619,3
50619,6
50619,9
50620,4
50621,4
50621,8
50622,9
50623,8
50623,9
50624,2
50625,7
50626,8
50626,9
50626,7
50627,10
50627,2
50628,6
50629,8
50629,8
50630,6
50630,3
50631,9
50631,10
50631,3
50632,3
50632,7
50633,1
50633,2
50634,5
50634,3
50635,4
50636,9
50636,5
50637,5
50637,4
50637,9
50638,5
50639,2
50639,9
50640,10
50640,10
50641,10
50642,10
50642,6
50643,10
50643,1
50643,1
50644,10
50645,4
50646,7
50646,10
50647,8
50647,9
50648,5
50649,7
50649,5
50650,1
50650,3
50651,8
50651,8
50652,10
50653,6
50654,6
50654,7
50655,6
50656,2
50656,6
50657,2
50658,4
50659,1
50660,7
50661,7
50661,4
50661,3
50662,10
50662,6
50662,4
50663,8
50663,9
50664,5
50664,8
50665,7
50666,4
50666,4
50667,1
50667,1
50668,10
50669,8
50669,5
50669,9
50670,2
50671,5
50671,6
50672,6
50672,1
50673,10
50673,9
50674,9
50675,7
50676,9
50676,5
50677,10
50677,10
50677,2
50678,2
50679,6
50679,9
50680,3
50680,4
50680,10
50681,9
50681,1
50682,3
50683,8
50683,9
50684,10
50684,9
50685,10
50686,7
50686,10
50687,5
50687,10
50688,9
50688,9
50689,10
50689,5
50690,1
50690,6
50691,2
50691,7
50692,1
50692,10
50693,10
50693,10
50694,1
50695,3
50695,9
50696,10
50696,7
50697,4
50698,2
50699,8
50700,3
50700,7
50701,7
50701,9
50702,8
50702,1
50703,9
50703,4
50704,8
50704,9
50705,3
50705,8
50706,6
50706,9
50706,6
50707,5
50707,10
50708,4
50708,5
50709,4
50709,5
50710,4
50710,8
50711,6
50711,9
50712,5
50712,5
50712,2
50713,9
50713,7
50714,7
50714,6
50714,3
50715,5
50716,2
50716,6
50716,8
50717,8
50717,4
50718,9
50719,9
50720,3
50720,2
50721,10
50721,4
50722,9
50723,4
50724,7
50725,8
50725,2
50726,3
50726,1
50727,3
50727,7
50727,8
50728,4
50728,5
50729,1
50729,2
50730,4
50730,9
50731,1
50731,3
50732,3
50732,1
50733,7
50733,8
50733,3
50734,5
50734,1
50734,1
50735,10
50736,6
50737,9
50738,3
50738,9
50739,4
50739,2
50740,8
50740,5
50741,1
50741,6
50742,10
50742,4
50743,7
50744,9
50744,6
50744,2
50745,2
50745,3
50746,8
50746,6
50746,4
50747,7
50748,5
50749,5
50749,10
50749,10
50750,6
50751,1
50751,2
50752,3
50752,7
50753,5
50753,2
50754,5
50754,6
50755,4
50755,3
50756,8
50756,10
50757,9
50757,8
50758,4
50758,4
50759,10
50759,2
50760,9
50760,6
50761,10
50762,9
50763,4
50763,10
50763,9
50764,6
50765,8
50765,2
50765,4
50766,8
50766,2
50767,8
50767,1
50767,8
50768,7
50769,1
50769,9
50770,5
50770,1
50771,1
50771,4
50772,1
50772,7
50773,2
50773,9
50774,2
50774,8
50774,1
50775,3
50776,7
50776,6
50777,7
50777,8
50777,7
50778,9
50778,3
50779,6
50779,2
50780,9
50781,3
50781,4
50782,1
50782,5
50782,8
50783,9
50783,7
50784,4
50784,4
50785,3
50785,5
50786,2
50787,7
50788,1
50788,4
50789,2
50790,8
50790,10
50791,1
50791,4
50792,7
50792,8
50793,4
50794,1
50794,3
50795,5
50795,4
50796,10
50796,6
50796,10
50797,6
50797,4
50798,3
50798,9
50799,5
50800,9
50801,3
50801,7
50801,9
50802,6
50802,7
50803,6
50803,7
50804,5
50804,7
50805,9
50806,4
50806,5
50807,3
50807,8
50807,1
50808,7
50808,9
50809,7
50809,4
50810,6
50811,8
50811,6
50812,4
50813,7
50814,10
50814,1
50815,4
50815,10
50815,9
50816,4
50817,6
50817,5
50817,1
50818,4
50819,2
50819,8
50819,4
50820,4
50820,7
50821,9
50821,6
50821,5
50822,9
50822,6
50823,6
50823,9
50824,8
50824,2
50824,8
50825,6
50825,4
50826,7
50826,1
50827,4
50827,3
50828,9
50829,10
50829,7
50829,5
50830,6
50831,10
50832,8
50832,9
50832,6
50833,8
50834,8
50834,8
50834,3
50835,6
50835,3
50836,9
50837,9
50837,1
50838,2
50838,1
50839,7
50839,3
50840,4
50840,2
50840,3
50841,9
50842,1
50842,10
50843,10
50843,8
50844,1
50844,1
50845,7
50845,1
50846,5
50847,5
50847,1
50848,7
50848,3
50849,2
50850,4
50850,4
50851,5
50851,6
50852,7
50853,7
50854,4
50854,4
50855,2
50856,1
50856,2
50857,7
50857,9
50858,1
50858,3
50859,7
50860,6
50860,10
50861,2
50861,9
50861,1
50862,10
50863,1
50863,2
50864,5
50864,9
50865,1
50865,3
50866,6
50866,1
50866,4
50867,7
50867,2
50868,10
50869,7
50870,9
50870,6
50871,3
50871,2
50872,6
50872,1
50873,4
50874,6
50874,10
50874,10
50875,7
50875,6
50875,1
50876,8
50876,8
50877,9
50878,7
50878,3
50878,10
50879,2
50879,10
50880,4
50881,2
50881,5
50882,3
50883,6
50883,6
50884,1
50885,8
50885,6
50885,5
50886,2
50887,8
50888,9
50888,7
50889,2
50890,2
50890,10
50891,6
50891,7
50892,7
50893,2
50893,9
50894,4
50894,10
50894,9
50895,7
50896,5
50897,8
50897,3
50898,7
50899,5
50900,2
50900,6
50901,4
50902,8
50902,10
50903,8
50903,2
50904,1
50905,6
50905,10
50905,7
50906,6
50906,8
50906,6
50907,10
50907,3
50908,10
50908,4
50909,3
50909,7
50910,5
50910,8
50910,10
50911,6
50911,7
50912,7
50913,10
50913,4
50914,9
50914,3
50915,9
50915,1
50916,8
50916,4
50916,8
50917,2
50917,7
50918,3
50918,5
50919,3
50920,7
50920,2
50921,10
50921,8
50922,9
50922,9
50923,7
50923,9
50923,1
50924,6
50924,9
50925,2
50925,2
50926,6
50926,3
50927,1
50927,10
50928,7
50928,6
50928,7
50929,2
50930,9
50931,9
50931,10
50932,4
50932,8
50933,8
50933,10
50934,3
50934,6
50935,8
50935,2
50935,5
50936,2
50936,2
50937,3
50937,6
50937,5
50938,4
50938,9
50939,8
50939,2
50940,8
50940,6
50941,1
50942,2
50942,1
50942,6
50943,3
50943,4
50944,9
50944,3
50945,7
50945,8
50946,7
50947,3
50947,7
50948,10
50948,4
50949,7
50949,7
50950,4
50951,2
50952,9
50952,3
50953,4
50953,8
50954,8
50955,6
50955,10
50956,7
50956,10
50957,6
50958,10
50958,3
50958,5
50959,10
50959,2
50959,3
50960,4
50960,5
50961,6
50962,9
50962,7
50963,3
50963,10
50964,3
50964,8
50965,3
50965,9
50966,5
50967,6
50968,10
50968,1
50968,6
50969,8
50969,3
50969,4
50970,9
50970,9
50970,8
50971,8
50971,7
50972,8
50972,8
50973,10
50974,4
50975,5
50976,5
50977,8
50978,8
50978,9
50979,10
50979,2
50980,9
50981,6
50981,9
50981,1
50982,8
50982,9
50983,7
50984,4
50985,1
50986,6
50986,2
50987,2
50987,4
50988,10
50989,10
50989,7
50990,3
50991,4
50991,1
50992,9
50992,5
50993,3
50993,6
50994,5
50994,5
50994,10
50995,9
50996,2
50996,3
50996,7
50997,5
50997,3
50997,3
50998,6
50999,7
50999,8
50999,3
51000,5
51000,7
51001,2
51001,2
51002,5
51002,6
51003,8
51003,6
51004,2
51004,8
51005,6
51005,2
51006,7
51006,4
51007,4
51007,8
51007,5
51008,5
51008,6
51009,3
51009,10
51010,6
51010,1
51010,1
51011,8
51012,3
51013,1
51013,7
51014,3
51015,5
51015,3
51015,5
51016,6
51017,6
51018,3
51018,1
51019,5
51019,4
51020,2
51020,2
51021,8
51022,10
51023,8
51024,6
51025,7
51025,3
51025,8
51026,7
51027,2
51028,6
51029,3
51029,7
51029,3
51030,3
51030,2
51031,1
51031,10
51032,8
51032,6
51033,3
51033,7
51034,8
51034,4
51035,2
51036,2
51037,7
51037,6
51038,6
51038,3
51038,4
51039,2
51040,10
51041,10
51041,5
51042,1
51042,5
51043,10
51044,7
51044,5
51045,4
51045,8
51046,4
51046,8
51047,2
51047,9
51048,1
51048,6
51048,6
51049,10
51050,9
51050,3
51051,2
51051,1
51052,1
51052,5
51053,1
51054,7
51054,9
51054,5
51055,9
51055,7
51056,7
51056,2
51057,9
51057,10
51058,2
51059,9
51059,4
51060,3
51060,9
51060,6
51061,2
51061,5
51062,4
51062,1
51063,7
51064,10
51065,5
51065,3
51066,3
51067,3
51067,8
51068,9
51068,9
51068,5
51069,3
51070,5
51070,2
51071,1
51071,6
51072,5
51072,9
51072,2
51073,10
51074,8
51074,8
51075,1
51075,8
51076,3
51076,6
51076,3
51077,2
51078,2
51078,4
51078,9
51079,1
51080,8
51081,3
51081,3
51082,1
51082,9
51082,7
51083,4
51084,6
51084,5
51085,10
51085,6
51085,2
51086,1
51086,3
51087,9
51088,7
51088,2
51088,8
51089,5
51089,6
51089,2
51090,1
51090,6
51091,10
51092,10
51092,4
51093,10
51093,8
51094,4
51094,9
51094,4
51095,7
51096,9
51097,1
51097,6
51098,7
51099,5
51099,2
51099,4
51100,4
51100,7
51101,1
51101,3
51102,2
51102,1
51103,9
51103,7
51103,6
51104,2
51104,10
51105,3
51106,7
51106,2
51107,1
51107,7
51108,3
51108,4
51109,6
51110,7
51110,6
51110,6
51111,4
51111,2
51112,3
51112,10
51112,2
51113,3
51114,6
51114,7
51115,6
51116,4
51116,8
51116,5
51117,2
51117,2
51118,5
51119,10
51119,1
51119,4
51120,6
51120,3
51120,2
51121,6
51121,7
51122,5
51122,5
51123,3
51123,1
51123,7
51124,9
51124,9
51124,4
51125,2
51126,3
51126,2
51126,1
51127,4
51128,7
51129,2
51129,10
51130,2
51130,1
51131,4
51131,8
51131,3
51132,6
51133,8
51134,10
51135,7
51135,8
51136,7
51137,4
51138,5
51138,5
51138,8
51139,1
51139,10
51139,10
51140,5
51140,8
51141,9
51141,8
51142,5
51143,7
51143,4
51144,9
51144,4
51145,9
51145,1
51146,6
51146,8
51146,9
51147,6
51147,10
51148,7
51148,5
51149,6
51150,1
51150,5
51151,8
51152,10
51152,4
51153,2
51153,4
51153,4
51154,1
51155,4
51155,10
51156,7
51156,6
51156,3
51157,10
51158,6
51158,10
51159,6
51160,10
51160,3
51160,10
51161,8
51161,9
51161,5
51162,1
51163,4
51164,1
51164,9
51165,6
51165,10
51166,3
51167,3
51167,6
51168,3
51169,3
51169,2
51170,6
51170,2
51170,6
51171,7
51171,10
51172,5
51173,3
51173,7
51174,8
51174,6
51175,9
51176,10
51176,6
51177,10
51178,7
51178,5
51178,5
51179,1
51180,10
51180,7
51180,10
51181,10
51182,10
51182,4
51183,2
51183,8
51184,2
51185,6
51186,2
51187,6
51187,8
51187,1
51188,4
51189,6
51189,5
51190,1
51190,1
51191,7
51191,3
51192,8
51192,7
51192,6
51193,2
51193,8
51194,10
51194,4
51195,2
51196,1
51196,5
51197,5
51198,2
51198,6
51198,3
51199,3
51199,2
51199,9
51200,2
51200,6
51200,10
51201,8
51201,1
51201,7
51202,3
51202,10
51202,7
51203,2
51204,4
51204,7
51205,9
51205,5
51206,5
51206,4
51207,7
51208,8
51208,3
51209,1
51210,5
51210,10
51211,2
51211,1
51212,5
51213,8
51213,2
51213,5
51214,8
51214,8
51215,5
51215,2
51215,9
51216,6
51216,7
51217,8
51217,1
51218,8
51219,5
51220,3
51220,2
51221,6
51222,7
51222,10
51222,4
51223,7
51223,9
51224,9
51224,8
51225,4
51225,8
51226,7
51227,1
51227,9
51227,10
51228,10
51228,10
51228,3
51229,8
51230,3
51231,4
51231,3
51231,1
51232,7
51232,4
51233,3
51233,10
51233,5
51234,2
51234,2
51235,7
51235,9
51236,5
51236,9
51237,1
51237,10
51238,7
51238,2
51239,3
51239,10
51240,2
51240,2
51241,2
51241,5
51242,6
51242,7
51242,5
51243,8
51243,10
51244,1
51244,3
51245,3
51246,7
51246,1
51247,6
51247,4
51248,8
51249,6
51249,1
51249,6
51250,5
51250,5
51250,5
51251,2
51251,4
51251,3
51252,8
51252,6
51253,7
51254,2
51254,4
51255,7
51255,8
51256,6
51256,1
51257,3
51257,2
51258,9
51258,7
51259,9
51260,1
51260,3
51260,4
51261,4
51261,1
51261,4
51262,1
51263,4
51263,5
51263,6
51264,9
51264,7
51264,2
51265,4
51265,6
51266,8
51266,3
51267,8
51267,10
51267,9
51268,3
51268,5
51269,2
51269,5
51270,1
51271,10
51272,4
51272,4
51273,4
51273,5
51274,9
51274,1
51275,1
51275,8
51275,3
51276,10
51276,1
51277,10
51278,5
51278,5
51278,7
51279,6
51279,8
51279,5
51280,5
51281,10
51281,7
51282,1
51282,9
51283,6
51283,9
51283,10
51284,5
51284,2
51285,6
51285,5
51286,5
51286,5
51287,5
51287,4
51288,4
51289,10
51289,7
51289,6
51290,1
51290,8
51291,5
51291,7
51291,7
51292,1
51292,10
51293,10
51293,4
51294,4
51294,9
51295,8
51295,6
51296,3
51296,9
51297,2
51298,5
51298,9
51299,3
51299,6
51300,4
51300,6
51301,5
51302,6
51302,6
51303,5
51304,2
51304,8
51305,10
51306,10
51306,2
51307,4
51307,9
51308,7
51309,7
51309,1
51310,3
51310,3
51310,4
51311,10
51311,8
51312,3
51313,8
51313,6
51314,3
51314,6
51315,1
51315,8
51316,3
51317,3
51317,8
51318,2
51318,3
51319,7
51319,7
51320,8
51320,7
51321,9
51322,6
51323,6
51323,9
51323,4
51324,1
51325,4
51325,4
51326,6
51326,5
51327,7
51328,5
51328,3
51329,1
51330,5
51331,9
51331,10
51332,7
51332,3
51333,8
51333,6
51334,3
51334,7
51335,4
51336,3
51336,4
51337,10
51337,9
51338,6
51339,1
51339,7
51340,5
51340,9
51340,10
51341,1
51342,1
51342,1
51343,7
51343,8
51344,9
51344,5
51345,3
51345,4
51346,1
51346,5
51347,2
51347,9
51348,10
51349,7
51349,2
51350,10
51350,2
51351,2
51352,10
51352,4
51353,9
51353,4
51354,7
51354,5
51355,9
51356,4
51356,8
51357,1
51357,1
51358,2
51358,10
51359,3
51359,2
51360,2
51360,2
51361,4
51361,8
51361,5
51362,1
51363,3
51364,5
51364,6
51364,6
51365,2
51365,2
51366,1
51366,1
51366,3
51367,3
51367,6
51368,8
51368,10
51369,2
51370,6
51370,3
51371,7
51372,5
51372,7
51372,8
51373,3
51373,2
51374,1
51375,3
51375,2
51375,7
51376,8
51376,10
51376,8
51377,7
51378,10
51378,1
51379,3
51379,8
51379,8
51380,7
51381,2
51381,5
51382,1
51382,9
51383,10
51383,10
51384,6
51385,10
51385,2
51386,4
51386,8
51387,7
51387,3
51388,9
51388,10
51388,1
51389,3
51390,8
51390,8
51391,2
51391,8
51391,6
51392,5
51393,4
51394,7
51394,7
51395,2
51395,8
51395,8
51396,8
51396,2
51396,8
51397,2
51397,8
51398,1
51398,2
51399,1
51399,9
51400,2
51400,10
51401,5
51401,9
51401,9
51402,8
51403,6
51403,1
51403,4
51404,6
51404,9
51404,10
51405,6
51405,8
51406,4
51407,6
51408,5
51408,9
51408,9
51409,2
51409,1
51410,8
51410,3
51410,7
51411,10
51412,2
51413,7
51413,4
51413,8
51414,4
51414,6
51414,2
51415,1
51415,10
51416,8
51417,10
51417,9
51418,8
51419,1
51420,7
51420,10
51421,9
51421,3
51422,3
51422,3
51423,10
51424,6
51424,9
51425,7
51425,10
51425,4
51426,6
51427,8
51427,3
51427,3
51428,9
51428,5
51429,9
51429,6
51429,9
51430,4
51430,4
51431,5
51431,6
51432,3
51432,3
51432,9
51433,6
51433,2
51434,9
51434,8
51435,7
51435,9
51436,7
51437,9
51437,2
51437,1
51438,1
51438,1
51439,3
51440,5
51440,3
51440,1
51441,5
51441,4
51442,1
51442,6
51443,2
51443,10
51443,9
51444,9
51444,7
51444,4
51445,5
51445,1
51446,7
51446,7
51446,6
51447,1
51447,1
51447,5
51448,8
51449,6
51449,10
51449,9
51450,4
51450,4
51451,3
51452,2
51452,3
51452,3
51453,2
51453,7
51454,5
51455,3
51455,3
51456,5
51456,1
51457,3
51457,1
51458,6
51459,10
51459,5
51460,10
51460,9
51461,6
51461,9
51462,3
51463,9
51463,3
51464,9
51464,7
51465,4
51466,6
51466,6
51466,6
51467,10
51468,9
51468,1
51469,6
51470,10
51470,10
51471,1
51472,6
51472,7
51473,2
51473,7
51473,5
51474,5
51474,1
51475,6
51475,9
51475,9
51476,1
51476,5
51477,4
51477,6
51477,9
51478,2
51479,9
51480,2
51480,4
51481,4
51481,7
51482,4
51482,9
51482,7
51483,2
51483,3
51484,6
51485,2
51486,5
51487,10
51487,4
51488,7
51488,7
51488,8
51489,7
51489,6
51490,2
51491,10
51491,2
51492,10
51492,1
51493,2
51493,6
51494,2
51494,5
51494,5
51495,5
51495,8
51496,1
51496,8
51497,4
51498,7
51499,9
51499,5
51500,3
51500,5
51500,6
51501,1
51501,9
51501,9
51502,1
51503,10
51504,9
51504,2
51505,6
51505,4
51506,9
51506,3
51507,4
51508,5
51508,4
51509,10
51510,9
51510,8
51510,9
51511,2
51512,4
51513,8
51513,6
51514,4
51514,2
51515,2
51516,6
51516,8
51516,8
51517,5
51517,10
51518,10
51519,6
51519,7
51520,6
51521,4
51522,7
51522,5
51523,3
51523,6
51523,8
51524,6
51524,5
51525,2
51525,3
51526,2
51526,5
51527,3
51527,9
51527,4
51528,2
51529,1
51529,9
51530,10
51530,10
51531,10
51531,4
51532,9
51532,5
51532,9
51533,9
51533,8
51533,3
51534,4
51534,10
51535,5
51535,3
51536,9
51536,2
51537,9
51537,1
51538,10
51538,3
51539,3
51539,8
51540,10
51541,3
51541,8
51541,6
51542,8
51543,5
51544,1
51544,4
51545,6
51545,7
51546,8
51546,1
51547,6
51548,9
51549,5
51549,5
51550,10
51550,3
51551,7
51551,6
51552,2
51552,9
51553,4
51554,6
51554,6
51555,8
51555,10
51556,3
51557,4
51557,2
51558,5
51558,4
51559,3
51560,2
51560,4
51561,6
51561,2
51562,8
51562,8
51563,3
51564,7
51564,1
51565,3
51566,3
51566,3
51567,1
51567,10
51568,3
51569,3
51570,7
51570,10
51571,1
51571,5
51571,2
51572,10
51573,8
51573,3
51573,4
51574,10
51574,3
51574,10
51575,3
51575,10
51575,9
51576,6
51577,10
51577,10
51577,2
51578,7
51579,1
51580,9
51581,3
51581,10
51582,8
51583,10
51583,1
51583,9
51584,2
51584,2
51585,3
51585,10
51586,1
51586,7
51587,6
51587,1
51588,7
51588,4
51589,8
51589,7
51589,6
51590,10
51590,2
51591,5
51591,8
51592,2
51592,5
51593,9
51593,7
51594,1
51595,1
51595,10
51596,9
51596,1
51597,4
51597,6
51598,2
51598,3
51599,10
51599,5
51600,9
51601,6
51601,10
51602,7
51603,7
51603,9
51604,8
51604,3
51605,9
51605,8
51606,5
51607,7
51607,3
51608,2
51608,4
51608,8
51609,3
51609,2
51610,7
51611,9
51611,10
51612,1
51612,3
51613,1
51613,2
51614,8
51614,10
51614,7
51615,5
51616,2
51617,7
51617,7
51618,9
51618,5
51619,10
51619,1
51620,3
51620,8
51620,8
51621,9
51622,1
51623,9
51623,9
51624,10
51624,3
51625,6
51625,4
51626,3
51626,2
51627,7
51627,6
51627,7
51628,4
51628,9
51629,2
51630,9
51630,5
51630,9
51631,6
51631,6
51631,5
51632,4
51633,7
51633,10
51634,3
51635,2
51635,9
51636,5
51637,2
51637,9
51638,9
51638,10
51638,5
51639,7
51639,10
51640,4
51640,6
51641,8
51641,8
51641,10
51642,8
51642,2
51642,5
51643,4
51644,4
51644,6
51645,6
51645,9
51646,5
51646,4
51647,7
51648,6
51648,2
51649,3
51649,8
51650,4
51650,10
51651,4
51652,4
51652,4
51653,5
51653,4
51654,4
51655,6
51655,3
51655,2
51656,2
51657,8
51657,10
51658,9
51659,8
51659,6
51659,10
51660,10
51660,5
51661,9
51661,5
51662,10
51662,3
51663,7
51664,9
51664,1
51665,7
51665,3
51666,2
51666,9
51667,1
51667,1
51668,7
51668,10
51669,6
51670,5
51670,3
51671,4
51671,5
51672,10
51672,6
51673,8
51673,7
51674,6
51675,7
51675,5
51676,10
51676,3
51677,4
51677,2
51677,5
51678,9
51678,7
51678,7
51679,3
51680,1
51680,3
51681,3
51681,9
51682,6
51682,8
51683,9
51683,10
51684,2
51685,1
51685,4
51686,8
51686,2
51686,8
51687,5
51687,6
51688,9
51688,5
51689,7
51689,2
51690,10
51690,4
51691,9
51691,3
51692,5
51692,6
51692,6
51693,8
51693,8
51694,7
51694,10
51694,5
51695,3
51695,3
51696,6
51696,7
51697,10
51697,7
51698,2
51698,2
51698,3
51699,6
51699,6
51700,5
51700,10
51701,5
51701,8
51702,6
51702,10
51703,8
51703,7
51704,1
51705,4
51706,2
51706,4
51707,2
51708,8
51709,1
51709,7
51710,2
51710,2
51711,3
51712,7
51713,4
51713,5
51714,3
51714,3
51715,3
51715,1
51716,6
51717,6
51717,8
51717,8
51718,9
51718,5
51718,9
51719,9
51719,3
51720,8
51720,10
51721,9
51721,5
51722,8
51722,9
51722,4
51723,8
51723,5
51723,6
51724,3
51724,5
51725,9
51726,3
51726,6
51726,5
51727,1
51727,8
51728,8
51728,5
51728,1
51729,5
51729,10
51730,1
51731,4
51731,7
51732,7
51732,7
51732,4
51733,7
51734,4
51734,5
51734,2
51735,4
51735,9
51736,10
51736,5
51737,9
51738,7
51738,4
51738,2
51739,5
51740,8
51741,5
51741,10
51742,6
51742,1
51743,9
51744,2
51745,3
51746,1
51746,4
51747,1
51748,6
51748,7
51749,8
51749,6
51750,1
51750,6
51751,3
51752,7
51753,8
51754,5
51755,1
51755,2
51755,4
51756,8
51756,4
51757,1
51757,4
51758,2
51758,9
51759,4
51759,8
51760,5
51760,6
51761,1
51762,9
51762,9
51763,8
51764,4
51764,6
51765,4
51765,2
51765,4
51766,6
51766,1
51767,5
51768,7
51768,4
51769,1
51770,8
51770,10
51771,2
51772,8
51773,10
51774,1
51774,1
51775,3
51775,9
51776,3
51776,8
51777,9
51778,6
51778,8
51779,1
51779,7
51780,3
51780,5
51781,8
51781,8
51781,9
51782,8
51783,3
51784,6
51784,8
51785,10
51786,9
51786,3
51786,2
51787,8
51787,5
51788,9
51788,6
51788,8
51789,9
51790,3
51790,1
51791,6
51791,10
51792,2
51793,9
51793,7
51794,8
51795,3
51795,10
51796,7
51797,2
51797,2
51798,2
51798,1
51799,3
51799,3
51799,1
51800,8
51801,1
51802,7
51802,8
51803,10
51803,5
51804,4
51805,2
51805,1
51806,4
51806,8
51806,2
51807,1
51807,6
51808,7
51808,6
51809,1
51809,10
51810,1
51811,5
51811,2
51812,9
51812,2
51812,2
51813,9
51813,7
51814,9
51815,10
51815,3
51816,9
51816,7
51817,10
51817,6
51818,7
51818,2
51819,3
51820,9
51820,6
51821,9
51821,10
51822,6
51822,6
51823,6
51823,6
51824,7
51824,6
51825,10
51825,9
51826,9
51827,5
51827,6
51827,8
51828,7
51828,1
51829,5
51829,10
51830,3
51831,5
51831,1
51831,5
51832,4
51832,6
51832,1
51833,5
51833,9
51834,10
51834,10
51835,1
51836,3
51836,3
51837,10
51838,5
51839,2
51839,10
51839,7
51840,4
51840,2
51841,8
51841,3
51842,10
51842,2
51843,5
51843,1
51844,10
51844,7
51845,1
51846,6
51846,6
51846,7
51847,2
51847,4
51848,10
51848,1
51849,7
51849,1
51850,1
51850,6
51851,3
51851,6
51852,4
51852,3
51853,7
51854,10
51854,10
51854,9
51855,7
51856,7
51857,6
51858,10
51859,9
51859,7
51860,7
51861,3
51861,3
51862,4
51862,8
51863,10
51863,4
51864,9
51864,4
51865,5
51866,6
51866,10
51867,7
51868,6
51868,4
51869,10
51869,1
51870,3
51870,6
51871,8
51871,10
51872,1
51873,4
51873,4
51873,6
51874,2
51875,1
51876,10
51877,5
51877,1
51877,6
51878,2
51878,5
51879,1
51879,6
51880,9
51881,9
51882,5
51882,9
51883,3
51883,1
51884,9
51884,1
51885,1
51886,10
51887,8
51888,1
51888,2
51889,5
51889,6
51890,1
51890,5
51890,7
51891,7
51892,2
51892,6
51893,10
51893,9
51894,4
51895,8
51895,9
51896,1
51896,1
51896,4
51897,5
51897,6
51897,8
51898,3
51898,1
51899,6
51899,6
51900,4
51900,9
51901,1
51902,7
51902,1
51903,5
51903,4
51903,3
51904,7
51904,3
51905,7
51906,10
51906,4
51907,10
51907,3
51908,5
51908,10
51909,9
51909,3
51910,3
51911,4
51911,3
51912,9
51912,3
51913,3
51913,10
51914,6
51914,2
51914,9
51915,2
51915,3
51916,3
51916,1
51917,7
51917,7
51918,5
51918,3
51919,2
51919,3
51920,10
51921,10
51921,10
51922,10
51922,4
51923,1
51924,8
51924,3
51925,10
51925,8
51926,6
51926,3
51927,8
51927,8
51927,3
51928,4
51929,1
51930,7
51930,4
51930,4
51931,2
51931,3
51932,8
51932,10
51932,8
51933,8
51933,4
51934,1
51934,10
51935,7
51935,6
51936,10
51936,10
51937,1
51937,9
51938,8
51939,1
51939,4
51939,9
51940,1
51940,9
51941,1
51941,4
51942,7
51943,5
51943,8
51943,3
51944,10
51944,1
51945,3
51945,8
51946,8
51946,2
51946,9
51947,10
51948,9
51948,3
51948,7
51949,8
51949,1
51950,10
51951,4
51951,8
51951,2
51952,3
51953,2
51953,2
51954,8
51955,2
51955,9
51956,9
51956,10
51957,7
51957,9
51957,7
51958,3
51959,10
51959,3
51959,3
51960,3
51960,1
51960,7
51961,8
51961,5
51962,2
51962,3
51963,1
51963,10
51963,5
51964,8
51965,9
51965,1
51965,10
51966,4
51966,4
51966,10
51967,8
51967,7
51968,10
51968,10
51969,9
51970,9
51971,4
51971,1
51971,3
51972,6
51973,1
51974,10
51974,5
51975,2
51975,1
51976,3
51977,5
51978,10
51978,10
51979,3
51979,8
51980,6
51980,1
51981,5
51982,7
51982,2
51983,9
51983,2
51984,3
51985,5
51986,7
51986,9
51987,4
51988,2
51988,10
51989,9
51989,2
51990,10
51990,5
51991,6
51991,5
51992,10
51992,6
51993,10
51993,10
51993,8
51994,8
51994,8
51995,10
51995,4
51995,5
51996,1
51996,2
51996,1
51997,2
51997,4
51998,7
51998,7
51999,6
